Country,Year,Attack Type,Target Industry,Financial Loss (in Million $),Number of Affected Users,Attack Source,Security Vulnerability Type,Defense Mechanism Used,Incident Resolution Time (in Hours),Loss per Affected User,Resolution Category
China,2019,Phishing,Education,80.53,773169,Hacker Group,Unpatched Software,VPN,63,104.1557538,Slow
China,2019,Ransomware,Retail,62.19,295961,Hacker Group,Unpatched Software,Firewall,71,210.1290373,Slow
India,2017,Man-in-the-Middle,IT,38.65,605895,Hacker Group,Weak Passwords,VPN,20,63.7899306,Moderate
UK,2024,Ransomware,Telecommunications,41.44,659320,Nation-state,Social Engineering,AI-based Detection,7,62.85263605,Fast
Germany,2018,Man-in-the-Middle,IT,74.41,810682,Insider,Social Engineering,VPN,68,91.78691521,Slow
Germany,2017,Man-in-the-Middle,Retail,98.24,285201,Unknown,Social Engineering,Antivirus,25,344.4588203,Moderate
Germany,2016,DDoS,Telecommunications,33.26,431262,Insider,Unpatched Software,VPN,34,77.12249166,Moderate
France,2018,SQL Injection,Government,59.23,909991,Unknown,Social Engineering,Antivirus,66,65.08855582,Slow
India,2016,Man-in-the-Middle,Banking,16.88,698249,Unknown,Social Engineering,VPN,47,24.17475714,Slow
UK,2023,DDoS,Healthcare,69.14,685927,Hacker Group,Unpatched Software,Firewall,58,100.7978983,Slow
China,2019,Phishing,Telecommunications,88.67,493675,Unknown,Zero-day,VPN,29,179.612093,Moderate
China,2016,SQL Injection,Healthcare,38.81,920768,Hacker Group,Unpatched Software,AI-based Detection,27,42.14959686,Moderate
India,2019,Ransomware,Education,30.56,583204,Insider,Zero-day,Firewall,37,52.4001893,Slow
France,2023,DDoS,Healthcare,58.37,599797,Nation-state,Unpatched Software,AI-based Detection,35,97.31625867,Moderate
France,2024,DDoS,IT,48.01,922258,Unknown,Social Engineering,Encryption,64,52.05701658,Slow
Australia,2022,Phishing,Banking,64.31,120789,Nation-state,Zero-day,Encryption,36,532.4160313,Moderate
Russia,2017,Man-in-the-Middle,Healthcare,13.04,850158,Hacker Group,Unpatched Software,AI-based Detection,67,15.33832535,Slow
India,2015,DDoS,IT,93.14,805278,Insider,Social Engineering,Encryption,56,115.6619205,Slow
UK,2019,Malware,Telecommunications,14.01,578443,Insider,Social Engineering,Firewall,28,24.2201911,Moderate
India,2016,DDoS,IT,36.45,261808,Nation-state,Social Engineering,AI-based Detection,6,139.2241643,Fast
Brazil,2015,Ransomware,Retail,49.55,920172,Hacker Group,Weak Passwords,Antivirus,43,53.8486283,Slow
France,2023,Ransomware,Education,17.72,261661,Insider,Social Engineering,VPN,11,67.7212118,Fast
India,2017,DDoS,Government,76.71,246205,Nation-state,Unpatched Software,Firewall,30,311.5696269,Moderate
Japan,2022,Phishing,Telecommunications,20.42,186148,Nation-state,Weak Passwords,Antivirus,32,109.6976599,Moderate
Brazil,2023,DDoS,Telecommunications,51.84,699007,Hacker Group,Social Engineering,VPN,30,74.16234744,Moderate
China,2021,Phishing,Retail,51.06,628562,Insider,Zero-day,AI-based Detection,52,81.23303668,Slow
Japan,2022,Malware,Education,53.04,570494,Nation-state,Unpatched Software,VPN,53,92.9720558,Slow
Japan,2022,Ransomware,Banking,26.17,937653,Insider,Unpatched Software,Encryption,24,27.91011174,Moderate
France,2020,Malware,IT,87.32,599757,Unknown,Social Engineering,Antivirus,9,145.5922982,Fast
Australia,2015,DDoS,Government,82.7,904805,Hacker Group,Zero-day,Encryption,61,91.40090959,Slow
UK,2022,SQL Injection,Education,66.24,678876,Hacker Group,Social Engineering,AI-based Detection,11,97.57304721,Fast
France,2020,Malware,Telecommunications,18.38,246900,Hacker Group,Zero-day,AI-based Detection,34,74.44309437,Moderate
India,2015,SQL Injection,IT,42.99,85255,Unknown,Unpatched Software,Encryption,61,504.25195,Slow
Japan,2022,Phishing,Banking,98.47,972469,Nation-state,Zero-day,Antivirus,21,101.2577265,Moderate
Brazil,2023,Phishing,Healthcare,14.51,113777,Nation-state,Weak Passwords,VPN,27,127.5301687,Moderate
Brazil,2020,Phishing,Banking,17.75,739540,Hacker Group,Zero-day,Encryption,31,24.00140628,Moderate
China,2020,Man-in-the-Middle,Education,19.81,722788,Nation-state,Zero-day,Firewall,70,27.40775995,Slow
Japan,2021,SQL Injection,Retail,82.52,214372,Insider,Unpatched Software,Encryption,12,384.9383315,Fast
USA,2022,DDoS,Retail,32.53,235314,Insider,Weak Passwords,AI-based Detection,62,138.2408187,Slow
Brazil,2016,DDoS,Education,96.98,140812,Nation-state,Unpatched Software,VPN,71,688.7197114,Slow
Russia,2015,DDoS,Telecommunications,96.39,238356,Unknown,Zero-day,AI-based Detection,3,404.3951065,Fast
India,2021,SQL Injection,IT,98.09,826976,Nation-state,Zero-day,VPN,57,118.6128739,Slow
UK,2019,Man-in-the-Middle,Retail,39.77,757694,Nation-state,Unpatched Software,Encryption,69,52.48820764,Slow
USA,2017,DDoS,IT,74.12,403108,Hacker Group,Zero-day,VPN,64,183.8713198,Slow
Australia,2020,DDoS,Banking,92.95,942890,Insider,Weak Passwords,Antivirus,19,98.57989797,Moderate
France,2022,Malware,Healthcare,20.33,794906,Unknown,Weak Passwords,AI-based Detection,36,25.57535105,Moderate
Australia,2016,SQL Injection,Government,27.33,481293,Hacker Group,Unpatched Software,Antivirus,65,56.78453665,Slow
India,2016,DDoS,Education,21.01,602692,Hacker Group,Unpatched Software,VPN,29,34.8602603,Moderate
UK,2018,Man-in-the-Middle,Retail,13.66,455529,Hacker Group,Zero-day,Firewall,40,29.98711388,Slow
Japan,2017,Phishing,Telecommunications,75.84,383395,Hacker Group,Zero-day,VPN,31,197.8116564,Moderate
USA,2023,DDoS,Retail,59.69,113612,Hacker Group,Zero-day,VPN,70,525.3846425,Slow
Australia,2019,Malware,Government,21.72,984411,Insider,Unpatched Software,Antivirus,17,22.06395499,Moderate
UK,2015,Phishing,IT,85.58,17229,Hacker Group,Weak Passwords,AI-based Detection,30,4967.206454,Moderate
France,2018,Phishing,Healthcare,75.11,581303,Insider,Social Engineering,Encryption,51,129.2097237,Slow
India,2019,Man-in-the-Middle,Education,10.8,799474,Nation-state,Zero-day,AI-based Detection,23,13.50888209,Moderate
India,2020,DDoS,Banking,86.27,898655,Nation-state,Unpatched Software,AI-based Detection,10,95.99902076,Fast
UK,2021,Malware,Healthcare,67.1,698852,Unknown,Weak Passwords,Antivirus,57,96.01460681,Slow
India,2018,DDoS,Healthcare,76.43,304162,Hacker Group,Unpatched Software,Firewall,56,251.2805676,Slow
Brazil,2015,Phishing,Banking,43.4,191625,Hacker Group,Social Engineering,VPN,65,226.4840183,Slow
Australia,2024,Phishing,Education,93.32,93185,Unknown,Unpatched Software,VPN,14,1001.448731,Moderate
India,2019,Phishing,Healthcare,35.6,40718,Nation-state,Zero-day,VPN,24,874.3062036,Moderate
China,2015,Phishing,Government,42.73,310574,Nation-state,Zero-day,Firewall,65,137.5839574,Slow
India,2024,DDoS,Education,73.37,475719,Nation-state,Social Engineering,Firewall,52,154.2297028,Slow
UK,2018,Malware,Retail,73.18,404060,Unknown,Weak Passwords,Antivirus,32,181.1117161,Moderate
China,2024,Malware,Education,72.35,132726,Hacker Group,Zero-day,Firewall,55,545.1079668,Slow
UK,2016,DDoS,Banking,87.68,336376,Nation-state,Social Engineering,Firewall,11,260.6606892,Fast
Australia,2022,Malware,Healthcare,67.16,566437,Unknown,Weak Passwords,Encryption,63,118.565701,Slow
Russia,2017,Man-in-the-Middle,Education,83.43,313631,Nation-state,Weak Passwords,Antivirus,16,266.0132449,Moderate
France,2016,DDoS,Banking,28.66,996004,Unknown,Zero-day,VPN,28,28.77498484,Moderate
China,2021,Phishing,Healthcare,55.04,871600,Insider,Unpatched Software,Firewall,29,63.14823313,Moderate
Brazil,2015,DDoS,IT,43.51,940656,Unknown,Weak Passwords,AI-based Detection,41,46.25495399,Slow
USA,2015,Ransomware,Telecommunications,20.73,297209,Nation-state,Social Engineering,Firewall,66,69.74889724,Slow
UK,2019,Phishing,IT,78.19,28321,Insider,Unpatched Software,Antivirus,63,2760.84884,Slow
Brazil,2022,Phishing,Telecommunications,29.02,456783,Nation-state,Zero-day,Encryption,10,63.53126101,Fast
Germany,2018,Ransomware,Banking,87.56,933028,Nation-state,Unpatched Software,VPN,25,93.84498643,Moderate
Australia,2023,Phishing,Telecommunications,24.65,221512,Nation-state,Zero-day,AI-based Detection,56,111.280653,Slow
France,2017,Phishing,Banking,17.88,16585,Hacker Group,Unpatched Software,Encryption,12,1078.082605,Fast
USA,2022,Ransomware,Education,21.01,787752,Nation-state,Weak Passwords,Antivirus,9,26.67083041,Fast
Russia,2022,SQL Injection,Banking,60.25,662517,Unknown,Social Engineering,Firewall,40,90.94106264,Slow
Brazil,2018,Malware,Education,6.63,274509,Hacker Group,Zero-day,Encryption,20,24.15221359,Moderate
France,2024,Phishing,Government,5.8,508649,Hacker Group,Unpatched Software,Firewall,66,11.40275514,Slow
Brazil,2021,DDoS,IT,70.26,740257,Unknown,Weak Passwords,Encryption,70,94.91298292,Slow
Australia,2024,Malware,Healthcare,62.08,969504,Hacker Group,Social Engineering,AI-based Detection,5,64.03274252,Fast
Germany,2016,Man-in-the-Middle,Healthcare,90.2,779494,Nation-state,Social Engineering,AI-based Detection,54,115.7160927,Slow
Japan,2019,Malware,Banking,44.17,605166,Insider,Weak Passwords,Encryption,27,72.98823794,Moderate
France,2023,Malware,Government,55.18,274946,Insider,Zero-day,Encryption,66,200.6939544,Slow
Japan,2019,Man-in-the-Middle,Banking,41.32,645097,Nation-state,Zero-day,Firewall,36,64.05238282,Moderate
UK,2015,DDoS,Telecommunications,32.92,157678,Nation-state,Unpatched Software,Antivirus,68,208.7799186,Slow
Brazil,2022,DDoS,Retail,15.16,157034,Nation-state,Social Engineering,AI-based Detection,69,96.53960289,Slow
India,2020,SQL Injection,Education,62.5,550656,Nation-state,Weak Passwords,Encryption,4,113.5009879,Fast
Australia,2017,SQL Injection,Healthcare,68.91,634048,Hacker Group,Unpatched Software,Firewall,66,108.6826234,Slow
UK,2023,DDoS,Banking,81.26,547495,Nation-state,Weak Passwords,AI-based Detection,3,148.4214468,Fast
UK,2024,DDoS,Healthcare,58.31,487694,Hacker Group,Weak Passwords,Antivirus,41,119.5626766,Slow
France,2023,Man-in-the-Middle,Retail,88.65,427067,Hacker Group,Unpatched Software,Antivirus,42,207.5786703,Slow
Australia,2023,Malware,Telecommunications,1.51,954902,Hacker Group,Unpatched Software,AI-based Detection,55,1.581314103,Slow
UK,2020,Ransomware,Banking,49.23,128594,Nation-state,Weak Passwords,Firewall,53,382.8327916,Slow
Germany,2024,Phishing,Healthcare,84.53,189430,Nation-state,Social Engineering,Firewall,1,446.2334372,Fast
France,2021,DDoS,Healthcare,90.63,603327,Nation-state,Unpatched Software,AI-based Detection,15,150.2170465,Moderate
UK,2021,DDoS,Education,80.26,276593,Nation-state,Social Engineering,Encryption,36,290.1736486,Moderate
Japan,2023,Malware,Education,22.87,975282,Insider,Unpatched Software,Firewall,49,23.4496279,Slow
India,2018,Ransomware,Retail,23.79,486810,Hacker Group,Unpatched Software,Antivirus,11,48.86916867,Fast
Japan,2021,Ransomware,IT,35.43,969517,Hacker Group,Weak Passwords,Firewall,25,36.54396983,Moderate
Australia,2022,Malware,Banking,74.77,151599,Insider,Zero-day,Encryption,18,493.2090581,Moderate
Japan,2022,SQL Injection,IT,66.66,749545,Unknown,Social Engineering,AI-based Detection,30,88.93395326,Moderate
Brazil,2015,Malware,Retail,78.13,71743,Hacker Group,Unpatched Software,VPN,35,1089.026107,Moderate
Germany,2018,Phishing,Banking,11.39,969684,Hacker Group,Weak Passwords,Antivirus,41,11.7460946,Slow
Germany,2020,SQL Injection,Education,87.84,842506,Unknown,Weak Passwords,Antivirus,19,104.2603851,Moderate
Brazil,2023,Man-in-the-Middle,IT,10.18,933883,Nation-state,Social Engineering,Encryption,41,10.90072311,Slow
UK,2019,Malware,Education,4.42,393748,Nation-state,Unpatched Software,AI-based Detection,10,11.22545384,Fast
Brazil,2020,DDoS,Banking,76.98,708549,Unknown,Weak Passwords,Encryption,37,108.644568,Slow
Japan,2020,DDoS,Healthcare,73.24,136762,Unknown,Zero-day,VPN,41,535.528875,Slow
Russia,2018,Malware,Telecommunications,8.11,737958,Unknown,Social Engineering,VPN,35,10.98978533,Moderate
Japan,2020,Man-in-the-Middle,Banking,23.55,108886,Insider,Unpatched Software,Antivirus,51,216.2812483,Slow
Australia,2016,Phishing,Banking,92.79,285311,Nation-state,Unpatched Software,VPN,55,325.2240538,Slow
USA,2021,Malware,Retail,71.11,961868,Hacker Group,Unpatched Software,Antivirus,57,73.92906303,Slow
Australia,2023,Man-in-the-Middle,Banking,57.34,471743,Unknown,Zero-day,Firewall,29,121.5492334,Moderate
UK,2024,Phishing,Government,81.26,993903,Unknown,Weak Passwords,Firewall,25,81.75848146,Moderate
China,2024,Ransomware,Telecommunications,7.32,179156,Nation-state,Social Engineering,AI-based Detection,34,40.85824644,Moderate
Germany,2022,Man-in-the-Middle,Healthcare,56.27,699129,Nation-state,Unpatched Software,Encryption,25,80.48586169,Moderate
Russia,2021,Malware,IT,83.76,920983,Insider,Social Engineering,Encryption,24,90.94630411,Moderate
UK,2023,SQL Injection,Banking,85.64,875790,Nation-state,Unpatched Software,Firewall,36,97.78599893,Moderate
Russia,2016,Malware,Retail,61.39,415274,Hacker Group,Weak Passwords,Encryption,40,147.8301074,Slow
Russia,2023,Ransomware,Banking,42.14,222293,Hacker Group,Social Engineering,VPN,38,189.5696221,Slow
France,2021,Man-in-the-Middle,Retail,94.4,357092,Unknown,Unpatched Software,VPN,71,264.3576445,Slow
Australia,2021,Malware,Telecommunications,84.68,708291,Hacker Group,Zero-day,AI-based Detection,54,119.5553805,Slow
Russia,2024,Malware,Banking,93.33,517610,Nation-state,Social Engineering,Firewall,35,180.3094994,Moderate
Germany,2023,Malware,Government,70.46,368803,Hacker Group,Unpatched Software,VPN,23,191.0505066,Moderate
China,2023,Man-in-the-Middle,Healthcare,48.71,421191,Nation-state,Unpatched Software,Firewall,62,115.6482451,Slow
India,2018,Phishing,IT,69.03,282139,Hacker Group,Unpatched Software,Encryption,37,244.6666359,Slow
China,2018,Malware,IT,49.19,117543,Insider,Social Engineering,Encryption,22,418.4851501,Moderate
France,2016,Phishing,Government,27.2,536925,Unknown,Zero-day,Encryption,62,50.65884435,Slow
France,2023,Ransomware,Retail,64.08,238068,Unknown,Unpatched Software,VPN,61,269.1667927,Slow
Japan,2022,Malware,Telecommunications,38.46,39814,Insider,Social Engineering,VPN,32,965.9918622,Moderate
India,2018,DDoS,Government,80.89,268956,Nation-state,Zero-day,Antivirus,47,300.7555139,Slow
France,2015,Malware,Education,15.76,424,Nation-state,Unpatched Software,Antivirus,58,37169.81132,Slow
USA,2021,SQL Injection,Telecommunications,82.24,982969,Unknown,Unpatched Software,Encryption,64,83.66489686,Slow
Germany,2021,Malware,Government,82.72,219703,Nation-state,Social Engineering,Firewall,33,376.5082862,Moderate
Japan,2016,Man-in-the-Middle,Retail,18.96,530947,Nation-state,Unpatched Software,VPN,12,35.70977894,Fast
UK,2017,SQL Injection,IT,53.39,576110,Insider,Unpatched Software,Antivirus,37,92.6732742,Slow
UK,2017,Man-in-the-Middle,Government,48.9,177154,Unknown,Zero-day,Antivirus,68,276.0310239,Slow
France,2017,SQL Injection,Healthcare,60.77,212177,Hacker Group,Social Engineering,Encryption,2,286.4118165,Fast
Germany,2021,DDoS,Banking,91.24,8787,Hacker Group,Unpatched Software,Encryption,55,10383.52111,Slow
USA,2015,Phishing,Education,41.36,291727,Insider,Social Engineering,Encryption,31,141.7763868,Moderate
Germany,2022,DDoS,IT,78.18,987652,Hacker Group,Social Engineering,VPN,72,79.15743602,Slow
China,2022,Ransomware,Telecommunications,16.16,236284,Unknown,Social Engineering,Antivirus,38,68.3922737,Slow
USA,2020,Man-in-the-Middle,Telecommunications,15.63,209853,Nation-state,Zero-day,VPN,1,74.48070792,Fast
Australia,2020,DDoS,Retail,36.29,755621,Unknown,Zero-day,Antivirus,50,48.02672239,Slow
France,2015,SQL Injection,Retail,61.41,694844,Insider,Unpatched Software,Antivirus,43,88.37954994,Slow
France,2018,SQL Injection,Retail,53.72,795831,Nation-state,Unpatched Software,Encryption,61,67.50176859,Slow
Brazil,2020,DDoS,Retail,17.4,342253,Unknown,Weak Passwords,Encryption,22,50.83958358,Moderate
USA,2016,Phishing,Retail,75.94,638693,Nation-state,Weak Passwords,AI-based Detection,35,118.8990642,Moderate
USA,2018,Phishing,Banking,55.9,618616,Insider,Zero-day,VPN,51,90.36300387,Slow
Brazil,2023,SQL Injection,Retail,56.76,774426,Hacker Group,Social Engineering,AI-based Detection,21,73.29299378,Moderate
Australia,2023,DDoS,Government,76.25,900661,Insider,Unpatched Software,Encryption,64,84.66004412,Slow
India,2019,Phishing,Telecommunications,75.23,141627,Insider,Unpatched Software,AI-based Detection,64,531.1840256,Slow
Germany,2024,Phishing,IT,3.93,845785,Unknown,Unpatched Software,VPN,69,4.646570937,Slow
Australia,2015,Malware,Retail,99.41,120048,Insider,Zero-day,Antivirus,12,828.0854325,Fast
USA,2016,Malware,Retail,32.89,894935,Unknown,Social Engineering,AI-based Detection,31,36.75127244,Moderate
Japan,2017,SQL Injection,Healthcare,21.66,277555,Unknown,Social Engineering,AI-based Detection,45,78.03858695,Slow
Australia,2024,Ransomware,Education,85.86,461012,Insider,Unpatched Software,AI-based Detection,38,186.2424405,Slow
Russia,2021,SQL Injection,Telecommunications,80.23,599291,Nation-state,Social Engineering,Firewall,55,133.8748621,Slow
Australia,2016,Man-in-the-Middle,Government,31.92,163602,Hacker Group,Unpatched Software,VPN,26,195.1076393,Moderate
UK,2021,SQL Injection,Government,39.03,986196,Nation-state,Weak Passwords,Encryption,11,39.5763114,Fast
France,2024,Ransomware,Retail,99.03,349008,Nation-state,Zero-day,Encryption,20,283.7470774,Moderate
Germany,2022,SQL Injection,Retail,25.1,559667,Unknown,Zero-day,Antivirus,69,44.84809717,Slow
Russia,2018,DDoS,Healthcare,67.27,335628,Hacker Group,Weak Passwords,Antivirus,20,200.4302382,Moderate
Germany,2016,Ransomware,Education,29.89,385363,Unknown,Unpatched Software,Firewall,22,77.56323259,Moderate
USA,2021,Man-in-the-Middle,Education,15.92,945793,Insider,Zero-day,Firewall,32,16.83243585,Moderate
Russia,2016,SQL Injection,Telecommunications,95.93,595950,Nation-state,Social Engineering,AI-based Detection,11,160.96988,Fast
Japan,2022,DDoS,Education,12.61,756722,Nation-state,Weak Passwords,VPN,15,16.66397964,Moderate
Australia,2024,Ransomware,Government,39.92,594424,Hacker Group,Social Engineering,Antivirus,54,67.1574499,Slow
China,2015,Malware,Retail,19.36,457790,Hacker Group,Zero-day,Encryption,39,42.29013303,Slow
China,2024,Ransomware,Telecommunications,70.47,549337,Unknown,Social Engineering,Antivirus,63,128.2819107,Slow
France,2023,Malware,Healthcare,53.34,714681,Unknown,Unpatched Software,Firewall,34,74.63469716,Moderate
India,2022,Malware,Government,84.15,849745,Hacker Group,Social Engineering,Antivirus,51,99.02970891,Slow
Brazil,2019,SQL Injection,Banking,27.64,826256,Nation-state,Zero-day,VPN,50,33.45210201,Slow
UK,2017,DDoS,IT,9.01,617543,Unknown,Zero-day,Antivirus,43,14.59007713,Slow
USA,2017,SQL Injection,Banking,9.08,895507,Unknown,Social Engineering,AI-based Detection,52,10.13950756,Slow
UK,2020,SQL Injection,Healthcare,67.9,2233,Unknown,Social Engineering,Antivirus,45,30407.52351,Slow
Japan,2022,Phishing,Government,71.12,76776,Unknown,Unpatched Software,Firewall,42,926.3311451,Slow
China,2019,Ransomware,Retail,6.08,175261,Nation-state,Zero-day,VPN,64,34.69111782,Slow
Australia,2016,Man-in-the-Middle,Healthcare,90.85,746369,Insider,Unpatched Software,Antivirus,30,121.7226332,Moderate
Australia,2017,Malware,Healthcare,77.32,563706,Nation-state,Unpatched Software,AI-based Detection,35,137.1636988,Moderate
India,2022,DDoS,Healthcare,12.01,254980,Insider,Unpatched Software,AI-based Detection,58,47.10173347,Slow
Russia,2021,Malware,Education,0.54,869574,Unknown,Unpatched Software,Antivirus,16,0.620993728,Moderate
Russia,2015,Malware,IT,95.33,282598,Unknown,Zero-day,VPN,21,337.3343053,Moderate
Brazil,2023,Malware,Telecommunications,62.77,422623,Nation-state,Zero-day,AI-based Detection,55,148.5248082,Slow
Brazil,2021,Malware,Healthcare,83.06,937717,Unknown,Unpatched Software,Encryption,56,88.57683075,Slow
India,2021,Man-in-the-Middle,Telecommunications,71.64,416077,Insider,Social Engineering,VPN,39,172.1796687,Slow
Australia,2019,Man-in-the-Middle,Banking,47.67,112313,Insider,Social Engineering,Firewall,63,424.438845,Slow
Australia,2017,Man-in-the-Middle,Telecommunications,79.72,799971,Insider,Zero-day,Firewall,63,99.65361244,Slow
Japan,2018,Man-in-the-Middle,Retail,47.11,690595,Hacker Group,Social Engineering,Antivirus,71,68.21653791,Slow
India,2017,Man-in-the-Middle,Government,69.69,713419,Hacker Group,Unpatched Software,AI-based Detection,70,97.68453041,Slow
Australia,2022,Man-in-the-Middle,Healthcare,81.31,707365,Hacker Group,Zero-day,Antivirus,38,114.9477285,Slow
Brazil,2016,Malware,Healthcare,83.88,155059,Unknown,Unpatched Software,Antivirus,29,540.9553783,Moderate
Russia,2022,Phishing,Banking,85.01,923558,Insider,Weak Passwords,Encryption,41,92.04619526,Slow
Germany,2022,DDoS,Telecommunications,20.55,239313,Nation-state,Social Engineering,AI-based Detection,6,85.87080518,Fast
Russia,2023,Ransomware,Telecommunications,60.08,874485,Hacker Group,Weak Passwords,Antivirus,48,68.70329394,Slow
Russia,2016,SQL Injection,Healthcare,46.95,90895,Unknown,Social Engineering,VPN,29,516.5300622,Moderate
China,2015,Man-in-the-Middle,Retail,47.2,529593,Hacker Group,Zero-day,VPN,64,89.12504508,Slow
Germany,2018,Phishing,Government,46.92,610201,Nation-state,Weak Passwords,VPN,72,76.89269601,Slow
USA,2021,DDoS,Telecommunications,1.98,863623,Hacker Group,Weak Passwords,Firewall,24,2.292667055,Moderate
USA,2018,Malware,Healthcare,14.28,755771,Insider,Weak Passwords,Antivirus,44,18.89461226,Slow
Japan,2021,SQL Injection,Telecommunications,66.23,164032,Unknown,Social Engineering,Firewall,5,403.7626805,Fast
Russia,2019,Man-in-the-Middle,Telecommunications,95.66,259993,Nation-state,Weak Passwords,Antivirus,58,367.9329828,Slow
UK,2019,Phishing,Retail,90.13,232359,Unknown,Social Engineering,Firewall,17,387.8911512,Moderate
Germany,2018,Phishing,Telecommunications,84.9,800031,Unknown,Unpatched Software,Encryption,10,106.1208878,Fast
UK,2016,Phishing,Healthcare,71.19,925040,Unknown,Unpatched Software,Encryption,48,76.95883421,Slow
Brazil,2016,Malware,IT,99.29,273469,Insider,Social Engineering,AI-based Detection,67,363.0758879,Slow
Germany,2024,Malware,Banking,22.84,797768,Insider,Zero-day,Firewall,58,28.62987736,Slow
Japan,2022,DDoS,Education,82.19,905203,Hacker Group,Weak Passwords,Antivirus,37,90.79731287,Slow
India,2023,Phishing,Telecommunications,11.72,512291,Insider,Zero-day,AI-based Detection,51,22.87762229,Slow
UK,2017,Phishing,Telecommunications,27.08,416833,Insider,Social Engineering,VPN,9,64.96606555,Fast
UK,2015,Ransomware,Government,30.74,744505,Nation-state,Unpatched Software,Antivirus,43,41.28917872,Slow
Brazil,2020,Malware,Banking,79.61,755029,Nation-state,Weak Passwords,Firewall,27,105.4396586,Moderate
Brazil,2017,Malware,Banking,99.22,660182,Insider,Weak Passwords,AI-based Detection,21,150.2918892,Moderate
India,2016,Ransomware,Retail,29.48,403737,Insider,Zero-day,Firewall,26,73.01783091,Moderate
China,2019,DDoS,Retail,7.87,86783,Nation-state,Weak Passwords,Antivirus,12,90.68596384,Fast
Australia,2022,DDoS,Telecommunications,86.77,390083,Nation-state,Social Engineering,VPN,72,222.4398397,Slow
Brazil,2023,Man-in-the-Middle,Banking,20.15,376174,Unknown,Social Engineering,Firewall,43,53.56563718,Slow
UK,2022,Ransomware,Government,31.94,485080,Insider,Weak Passwords,Antivirus,61,65.8448091,Slow
France,2024,Ransomware,Banking,78.82,759804,Unknown,Unpatched Software,AI-based Detection,47,103.7372796,Slow
Japan,2017,Phishing,IT,65.62,286208,Hacker Group,Zero-day,Firewall,57,229.2738148,Slow
USA,2017,Malware,IT,75.53,992377,Nation-state,Unpatched Software,Antivirus,33,76.11018796,Moderate
USA,2021,Man-in-the-Middle,Education,36.06,48987,Unknown,Zero-day,VPN,58,736.1136628,Slow
Russia,2021,SQL Injection,Telecommunications,68.07,538602,Insider,Unpatched Software,VPN,19,126.3827464,Moderate
Japan,2015,Malware,Healthcare,26.29,808392,Hacker Group,Weak Passwords,AI-based Detection,4,32.52135103,Fast
UK,2015,Ransomware,IT,26.12,21580,Unknown,Weak Passwords,AI-based Detection,14,1210.379981,Moderate
France,2020,Phishing,Government,94.44,209658,Insider,Zero-day,VPN,11,450.4478722,Fast
Japan,2017,Man-in-the-Middle,Retail,74.12,559889,Nation-state,Zero-day,VPN,10,132.3833831,Fast
France,2015,SQL Injection,Government,12.92,344516,Insider,Zero-day,VPN,28,37.5018867,Moderate
Australia,2024,Phishing,Retail,73.43,897569,Hacker Group,Social Engineering,AI-based Detection,66,81.80986643,Slow
Australia,2023,SQL Injection,Healthcare,99.19,538688,Nation-state,Zero-day,Encryption,36,184.1325591,Moderate
China,2015,DDoS,Government,22.71,303975,Nation-state,Social Engineering,Firewall,2,74.71009129,Fast
Japan,2022,SQL Injection,Telecommunications,67.62,822256,Insider,Unpatched Software,Firewall,60,82.23716215,Slow
Russia,2019,Man-in-the-Middle,Healthcare,53.82,521877,Unknown,Zero-day,Encryption,66,103.1277485,Slow
Brazil,2016,SQL Injection,Education,55.83,758258,Unknown,Zero-day,Encryption,44,73.6292924,Slow
Brazil,2016,DDoS,IT,17.12,988369,Hacker Group,Weak Passwords,AI-based Detection,26,17.32146597,Moderate
France,2022,Malware,Healthcare,67.89,325521,Hacker Group,Social Engineering,VPN,69,208.5579732,Slow
Germany,2021,Ransomware,IT,5.54,254933,Nation-state,Social Engineering,AI-based Detection,41,21.73119996,Slow
UK,2023,DDoS,Government,55.28,339144,Hacker Group,Unpatched Software,VPN,26,162.9986083,Moderate
India,2022,Ransomware,Education,57.52,170002,Unknown,Unpatched Software,AI-based Detection,54,338.3489606,Slow
Japan,2019,DDoS,Government,74.65,491269,Nation-state,Zero-day,Firewall,67,151.9534105,Slow
China,2019,Phishing,Banking,49.14,341100,Insider,Social Engineering,Firewall,37,144.0633245,Slow
India,2018,DDoS,Government,36.04,446170,Insider,Unpatched Software,VPN,72,80.77638568,Slow
India,2015,Malware,Telecommunications,14.09,28398,Insider,Zero-day,Encryption,22,496.1617015,Moderate
France,2017,Ransomware,Telecommunications,66.36,180698,Hacker Group,Zero-day,Encryption,53,367.2425815,Slow
Germany,2017,Malware,Healthcare,8.53,676384,Unknown,Social Engineering,VPN,44,12.61117945,Slow
Brazil,2015,Ransomware,Healthcare,61.91,961557,Insider,Unpatched Software,Firewall,64,64.38515865,Slow
Japan,2020,Phishing,Education,54.47,345334,Hacker Group,Weak Passwords,Antivirus,25,157.7313557,Moderate
Russia,2024,Phishing,Education,87.88,263407,Nation-state,Zero-day,Antivirus,8,333.6281876,Fast
Russia,2017,Phishing,IT,89.22,791350,Nation-state,Social Engineering,Antivirus,32,112.744045,Moderate
China,2022,Ransomware,Telecommunications,64.92,591819,Unknown,Zero-day,Antivirus,49,109.6957009,Slow
UK,2016,SQL Injection,IT,6.59,186612,Unknown,Unpatched Software,Antivirus,30,35.31391336,Moderate
Japan,2018,Ransomware,Retail,48,187730,Nation-state,Weak Passwords,AI-based Detection,26,255.6863581,Moderate
France,2015,SQL Injection,IT,87.78,6456,Hacker Group,Social Engineering,Firewall,69,13596.65428,Slow
Japan,2020,Malware,Banking,15.73,762662,Hacker Group,Zero-day,Firewall,56,20.6251262,Slow
UK,2015,Phishing,IT,30.26,256396,Hacker Group,Zero-day,Encryption,29,118.0205619,Moderate
Brazil,2021,SQL Injection,Healthcare,54.59,437634,Unknown,Weak Passwords,AI-based Detection,29,124.7389371,Moderate
Russia,2015,Malware,Healthcare,63.09,80855,Nation-state,Zero-day,AI-based Detection,53,780.2856966,Slow
India,2016,Phishing,Retail,59.36,967614,Nation-state,Unpatched Software,AI-based Detection,71,61.34677671,Slow
Japan,2020,Ransomware,IT,79.52,934400,Unknown,Social Engineering,VPN,4,85.10273973,Fast
Germany,2023,Man-in-the-Middle,Telecommunications,87.83,547719,Unknown,Weak Passwords,AI-based Detection,22,160.3559489,Moderate
China,2016,Malware,Healthcare,96.63,808984,Unknown,Weak Passwords,Firewall,26,119.4461201,Moderate
Japan,2023,Ransomware,Banking,52.86,261038,Nation-state,Social Engineering,Encryption,48,202.499253,Slow
China,2024,Phishing,Education,4.01,841054,Insider,Zero-day,Antivirus,49,4.767827036,Slow
China,2019,Ransomware,IT,68.02,175038,Hacker Group,Weak Passwords,VPN,67,388.6013323,Slow
Russia,2022,Phishing,Retail,67.17,774613,Hacker Group,Weak Passwords,Encryption,53,86.71426893,Slow
Japan,2021,Phishing,Healthcare,37.45,558357,Hacker Group,Weak Passwords,VPN,49,67.07178382,Slow
India,2017,Phishing,Retail,36.78,620056,Nation-state,Weak Passwords,Firewall,14,59.31722296,Moderate
Russia,2018,Malware,Healthcare,40.66,90640,Unknown,Social Engineering,Encryption,56,448.5878199,Slow
Russia,2022,Ransomware,Retail,76.93,449596,Unknown,Unpatched Software,AI-based Detection,3,171.1091736,Fast
Australia,2020,Ransomware,Healthcare,58.91,207842,Nation-state,Social Engineering,Antivirus,40,283.4364565,Slow
Germany,2017,Phishing,Retail,93.6,908249,Nation-state,Zero-day,AI-based Detection,53,103.0554396,Slow
Japan,2017,Phishing,Healthcare,47.39,470895,Nation-state,Social Engineering,Encryption,63,100.6381465,Slow
France,2017,Malware,Education,3.21,342049,Nation-state,Unpatched Software,AI-based Detection,31,9.384620332,Moderate
Brazil,2018,Phishing,Banking,98.75,316891,Hacker Group,Social Engineering,Antivirus,55,311.6213461,Slow
India,2019,Man-in-the-Middle,Education,27.45,633466,Unknown,Zero-day,AI-based Detection,16,43.33302813,Moderate
USA,2023,Malware,Telecommunications,23.98,123866,Nation-state,Zero-day,Firewall,43,193.5963057,Slow
France,2017,DDoS,Telecommunications,79.93,305905,Unknown,Unpatched Software,Encryption,44,261.2902699,Slow
Russia,2023,SQL Injection,Telecommunications,3.66,702942,Nation-state,Unpatched Software,AI-based Detection,34,5.206688461,Moderate
Brazil,2016,Man-in-the-Middle,Retail,72.78,11339,Hacker Group,Social Engineering,AI-based Detection,34,6418.555428,Moderate
UK,2017,SQL Injection,Banking,73.88,8385,Nation-state,Social Engineering,AI-based Detection,69,8810.971974,Slow
Russia,2024,Ransomware,Banking,52.8,21810,Insider,Zero-day,VPN,48,2420.90784,Slow
India,2018,Man-in-the-Middle,Healthcare,94.6,7347,Insider,Zero-day,AI-based Detection,7,12876.00381,Fast
Germany,2021,SQL Injection,Education,1.62,61463,Hacker Group,Weak Passwords,Antivirus,58,26.35732066,Slow
Russia,2020,DDoS,Healthcare,0.82,683572,Insider,Zero-day,Antivirus,69,1.199581024,Slow
Germany,2015,Malware,Healthcare,90.91,654633,Nation-state,Weak Passwords,Antivirus,43,138.8717037,Slow
Japan,2021,DDoS,Banking,32.84,311274,Hacker Group,Zero-day,Encryption,67,105.5019051,Slow
Russia,2017,Malware,Education,63.33,185208,Unknown,Zero-day,Firewall,3,341.939873,Fast
Russia,2022,Man-in-the-Middle,Healthcare,27.82,182378,Insider,Social Engineering,AI-based Detection,10,152.5403283,Fast
China,2016,Phishing,IT,7.73,800480,Unknown,Zero-day,VPN,31,9.656705976,Moderate
India,2019,DDoS,Banking,46.98,147761,Unknown,Unpatched Software,AI-based Detection,68,317.9458721,Slow
Russia,2024,Ransomware,Banking,80.11,923911,Insider,Unpatched Software,Firewall,60,86.70748589,Slow
Germany,2024,Ransomware,Education,11.81,418893,Insider,Social Engineering,Firewall,31,28.19335725,Moderate
Germany,2016,Ransomware,Education,15.09,914593,Unknown,Weak Passwords,AI-based Detection,1,16.49914224,Fast
Japan,2015,SQL Injection,Banking,20.69,344789,Unknown,Zero-day,AI-based Detection,69,60.00771486,Slow
India,2019,DDoS,Telecommunications,36.86,116906,Insider,Social Engineering,VPN,7,315.2960498,Fast
Australia,2019,Phishing,Education,10.87,812343,Insider,Social Engineering,Antivirus,16,13.38104717,Moderate
China,2017,Malware,IT,18.17,346390,Hacker Group,Weak Passwords,Firewall,36,52.45532492,Moderate
Brazil,2018,Phishing,IT,13.89,30925,Insider,Zero-day,Encryption,43,449.1511722,Slow
UK,2017,DDoS,Government,15.63,663812,Nation-state,Zero-day,Antivirus,57,23.54582322,Slow
Brazil,2020,Man-in-the-Middle,Government,32.72,220978,Nation-state,Zero-day,VPN,47,148.0690385,Slow
UK,2021,DDoS,Banking,97.03,100486,Nation-state,Unpatched Software,Firewall,31,965.6071493,Moderate
Russia,2023,SQL Injection,Education,75.63,195733,Nation-state,Weak Passwords,Antivirus,70,386.3937098,Slow
Japan,2023,Man-in-the-Middle,Healthcare,64.21,707978,Nation-state,Weak Passwords,VPN,41,90.6949086,Slow
Brazil,2018,Phishing,Healthcare,99.14,456432,Insider,Weak Passwords,Antivirus,66,217.2065061,Slow
Brazil,2016,Man-in-the-Middle,IT,75.51,37230,Unknown,Social Engineering,AI-based Detection,52,2028.203062,Slow
UK,2015,DDoS,Government,11.68,890414,Nation-state,Unpatched Software,AI-based Detection,28,13.11749366,Moderate
France,2021,Malware,IT,33.84,440358,Nation-state,Social Engineering,Antivirus,5,76.84656575,Fast
India,2022,Malware,Healthcare,38.89,400752,Insider,Unpatched Software,Antivirus,36,97.04255999,Moderate
France,2018,Phishing,Banking,89.77,134364,Nation-state,Zero-day,Antivirus,63,668.1105058,Slow
Germany,2017,DDoS,Telecommunications,15.01,406483,Insider,Weak Passwords,Antivirus,62,36.92651353,Slow
Brazil,2018,SQL Injection,IT,98.38,661583,Insider,Social Engineering,Encryption,30,148.7039419,Moderate
Russia,2015,SQL Injection,Education,23.49,642834,Unknown,Weak Passwords,Antivirus,34,36.54131549,Moderate
Brazil,2017,Ransomware,IT,9.43,493087,Hacker Group,Unpatched Software,Encryption,44,19.12441415,Slow
Brazil,2021,Man-in-the-Middle,IT,97.37,966570,Nation-state,Weak Passwords,Antivirus,32,100.73766,Moderate
Russia,2022,Phishing,Telecommunications,73.26,687383,Nation-state,Weak Passwords,VPN,8,106.5781377,Fast
Germany,2020,Phishing,Retail,78.84,733304,Unknown,Weak Passwords,VPN,19,107.5133914,Moderate
India,2023,Ransomware,Telecommunications,3.51,661681,Hacker Group,Weak Passwords,AI-based Detection,14,5.304670982,Moderate
France,2020,SQL Injection,IT,25.32,644538,Unknown,Social Engineering,Antivirus,57,39.28395223,Slow
Germany,2015,Phishing,Banking,58.78,861637,Unknown,Social Engineering,VPN,15,68.21898317,Moderate
Brazil,2016,SQL Injection,Telecommunications,73.76,393189,Unknown,Zero-day,Antivirus,37,187.5942613,Slow
France,2022,SQL Injection,Healthcare,27.06,999545,Hacker Group,Social Engineering,Encryption,47,27.0723179,Slow
UK,2021,SQL Injection,IT,77.82,935572,Hacker Group,Social Engineering,Encryption,61,83.17906051,Slow
France,2016,Ransomware,IT,55.99,724608,Hacker Group,Social Engineering,Antivirus,21,77.26936495,Moderate
Brazil,2024,DDoS,Banking,55.73,750979,Unknown,Social Engineering,AI-based Detection,30,74.20979814,Moderate
India,2017,Malware,Telecommunications,7.44,552358,Nation-state,Weak Passwords,AI-based Detection,42,13.4695252,Slow
Australia,2019,Phishing,Banking,37.07,902654,Insider,Social Engineering,Antivirus,9,41.06778456,Fast
UK,2022,Ransomware,Healthcare,75.67,413293,Hacker Group,Zero-day,Antivirus,27,183.0904467,Moderate
India,2024,Malware,Retail,56.19,114357,Insider,Zero-day,AI-based Detection,58,491.3560167,Slow
USA,2018,Malware,Government,70.53,363432,Hacker Group,Zero-day,AI-based Detection,40,194.0665654,Slow
Japan,2016,SQL Injection,Telecommunications,63.77,304618,Unknown,Unpatched Software,Antivirus,54,209.3441622,Slow
India,2022,SQL Injection,IT,32.73,153154,Hacker Group,Zero-day,VPN,37,213.7064654,Slow
China,2022,Malware,Banking,21.87,741153,Insider,Social Engineering,Encryption,66,29.50807728,Slow
Japan,2024,Man-in-the-Middle,Healthcare,72.08,261230,Insider,Social Engineering,VPN,19,275.9254297,Moderate
UK,2023,SQL Injection,Telecommunications,53.82,688014,Unknown,Zero-day,Encryption,18,78.2251524,Moderate
Australia,2018,DDoS,Education,3.3,45027,Unknown,Social Engineering,Antivirus,68,73.28935972,Slow
Australia,2021,Malware,Banking,13.99,689681,Nation-state,Weak Passwords,AI-based Detection,62,20.28474034,Slow
Germany,2024,Malware,Government,93.49,702688,Hacker Group,Unpatched Software,Antivirus,39,133.0462453,Slow
China,2016,Man-in-the-Middle,Banking,97.28,86038,Insider,Weak Passwords,Encryption,19,1130.663195,Moderate
Japan,2015,Malware,Education,17.19,899381,Insider,Unpatched Software,Firewall,66,19.1131456,Slow
India,2023,Malware,IT,54.21,157667,Insider,Weak Passwords,VPN,34,343.8259116,Moderate
UK,2021,Malware,Government,64.28,643714,Nation-state,Weak Passwords,VPN,25,99.85801148,Moderate
USA,2023,Ransomware,Education,71.31,3607,Insider,Zero-day,AI-based Detection,7,19769.89188,Fast
UK,2017,Phishing,Banking,52.31,259706,Hacker Group,Social Engineering,Antivirus,2,201.4200673,Fast
India,2021,Man-in-the-Middle,Retail,40.94,698921,Insider,Weak Passwords,Firewall,72,58.57600501,Slow
Brazil,2024,Ransomware,Government,32.21,482574,Nation-state,Unpatched Software,Firewall,22,66.74623995,Moderate
France,2017,DDoS,IT,20.44,618269,Nation-state,Weak Passwords,VPN,48,33.06004344,Slow
Russia,2016,Ransomware,Government,59.66,854961,Unknown,Unpatched Software,AI-based Detection,7,69.78096077,Fast
Brazil,2019,SQL Injection,Education,56.33,595157,Unknown,Zero-day,Encryption,41,94.64729475,Slow
France,2016,SQL Injection,Government,2.24,813706,Hacker Group,Weak Passwords,VPN,54,2.75283702,Slow
Brazil,2018,DDoS,Telecommunications,82.05,322527,Nation-state,Weak Passwords,Firewall,46,254.3973063,Slow
China,2024,DDoS,Healthcare,11.92,557016,Unknown,Zero-day,Firewall,34,21.39974435,Moderate
UK,2017,DDoS,Healthcare,54.83,966668,Hacker Group,Weak Passwords,AI-based Detection,15,56.72061142,Moderate
France,2020,SQL Injection,Retail,36.17,813165,Nation-state,Unpatched Software,Antivirus,44,44.48051748,Slow
France,2018,SQL Injection,Government,80.06,400807,Unknown,Weak Passwords,Firewall,67,199.7470104,Slow
Brazil,2023,Man-in-the-Middle,Retail,74.85,549300,Hacker Group,Weak Passwords,Antivirus,26,136.2643364,Moderate
Brazil,2021,Ransomware,Government,74.01,956893,Unknown,Social Engineering,Antivirus,49,77.34407086,Slow
India,2015,SQL Injection,Government,46.2,245370,Insider,Social Engineering,AI-based Detection,57,188.2870767,Slow
Brazil,2017,Malware,IT,9.59,912731,Nation-state,Zero-day,Firewall,4,10.5069292,Fast
USA,2017,Malware,Telecommunications,81.19,362085,Insider,Weak Passwords,VPN,5,224.2291175,Fast
Germany,2022,SQL Injection,Telecommunications,42.8,862664,Hacker Group,Zero-day,Firewall,44,49.6137546,Slow
China,2015,Ransomware,Telecommunications,32.65,313384,Insider,Social Engineering,Antivirus,51,104.1852807,Slow
Russia,2018,Malware,Banking,17.99,593009,Unknown,Social Engineering,Firewall,27,30.3368077,Moderate
Germany,2023,SQL Injection,Banking,30.68,933754,Insider,Social Engineering,Firewall,36,32.85661962,Moderate
Japan,2015,DDoS,Government,82.12,55055,Hacker Group,Unpatched Software,VPN,44,1491.59931,Slow
France,2020,SQL Injection,Education,94.63,481180,Hacker Group,Weak Passwords,AI-based Detection,10,196.6623717,Fast
Russia,2020,Man-in-the-Middle,Banking,54.03,110260,Unknown,Weak Passwords,VPN,66,490.0235806,Slow
USA,2020,DDoS,Government,10.54,741592,Insider,Social Engineering,VPN,69,14.2126668,Slow
Russia,2020,Phishing,Education,34.41,928026,Unknown,Social Engineering,VPN,5,37.07870254,Fast
Germany,2018,SQL Injection,Education,84.27,399014,Nation-state,Zero-day,Firewall,52,211.1955971,Slow
China,2018,Ransomware,Retail,35.08,42831,Hacker Group,Social Engineering,Antivirus,42,819.0329434,Slow
UK,2018,Man-in-the-Middle,Healthcare,45.11,545613,Insider,Unpatched Software,VPN,25,82.67764881,Moderate
Australia,2023,Man-in-the-Middle,Retail,92.57,813789,Nation-state,Unpatched Software,Antivirus,27,113.7518448,Moderate
UK,2015,Ransomware,Banking,13.49,345825,Hacker Group,Zero-day,AI-based Detection,6,39.00816887,Fast
UK,2016,Phishing,Education,8.42,29671,Insider,Unpatched Software,Encryption,61,283.7787739,Slow
Australia,2020,Phishing,Government,92.5,34011,Insider,Unpatched Software,Firewall,9,2719.70833,Fast
USA,2018,SQL Injection,Banking,63.8,341383,Nation-state,Weak Passwords,Antivirus,9,186.886869,Fast
Japan,2020,Ransomware,Banking,40.86,565080,Unknown,Zero-day,Encryption,6,72.30834572,Fast
Germany,2019,Malware,Banking,79.24,862136,Hacker Group,Zero-day,VPN,44,91.91125298,Slow
Japan,2022,Man-in-the-Middle,Retail,37.15,241151,Hacker Group,Social Engineering,Antivirus,56,154.0528549,Slow
India,2024,Man-in-the-Middle,Government,62.06,321158,Insider,Zero-day,VPN,37,193.2382192,Slow
France,2023,Phishing,Education,31.03,472386,Nation-state,Zero-day,Encryption,24,65.68780616,Moderate
UK,2015,Man-in-the-Middle,Healthcare,82.54,34240,Insider,Weak Passwords,Encryption,45,2410.630841,Slow
USA,2019,Malware,Government,34.4,98018,Insider,Zero-day,VPN,55,350.9559469,Slow
Japan,2024,Phishing,Education,72.2,555808,Unknown,Weak Passwords,AI-based Detection,4,129.900973,Fast
UK,2021,SQL Injection,Healthcare,52.23,449333,Hacker Group,Unpatched Software,Encryption,39,116.2389586,Slow
UK,2024,Man-in-the-Middle,Retail,7.16,368618,Nation-state,Social Engineering,Firewall,22,19.42390225,Moderate
France,2022,Man-in-the-Middle,IT,78.23,310175,Hacker Group,Unpatched Software,AI-based Detection,53,252.2124607,Slow
UK,2020,Phishing,Retail,25.1,986980,Nation-state,Zero-day,VPN,71,25.43111309,Slow
UK,2024,DDoS,Retail,88.54,518181,Insider,Zero-day,Antivirus,24,170.8669365,Moderate
India,2015,Phishing,Retail,49.51,72782,Unknown,Zero-day,Encryption,63,680.2506114,Slow
Russia,2018,DDoS,Telecommunications,4.08,502842,Unknown,Zero-day,VPN,15,8.113880702,Moderate
UK,2024,Phishing,Retail,89.31,376586,Unknown,Weak Passwords,AI-based Detection,51,237.1569841,Slow
Germany,2023,Phishing,Government,88.55,698597,Unknown,Social Engineering,Antivirus,66,126.7540513,Slow
Russia,2015,SQL Injection,Education,5.26,559195,Insider,Weak Passwords,VPN,52,9.406378812,Slow
India,2024,Ransomware,Retail,17.57,236253,Unknown,Social Engineering,Firewall,38,74.369426,Slow
Brazil,2016,DDoS,Healthcare,8.01,534847,Nation-state,Zero-day,Firewall,3,14.97624554,Fast
Australia,2016,Malware,Retail,39.86,262611,Unknown,Social Engineering,Antivirus,33,151.7834363,Moderate
Brazil,2021,SQL Injection,Telecommunications,11.61,848702,Unknown,Weak Passwords,Antivirus,48,13.67971326,Slow
Germany,2017,Man-in-the-Middle,Retail,73.98,609952,Hacker Group,Unpatched Software,VPN,7,121.2882325,Fast
Germany,2022,Man-in-the-Middle,IT,65.86,978868,Insider,Weak Passwords,AI-based Detection,39,67.28179898,Slow
Australia,2021,Ransomware,Retail,41.26,659734,Insider,Unpatched Software,Antivirus,54,62.54035717,Slow
Japan,2022,DDoS,Retail,64.38,88354,Nation-state,Social Engineering,AI-based Detection,52,728.6597098,Slow
Brazil,2022,Phishing,Banking,75.01,771434,Hacker Group,Social Engineering,AI-based Detection,38,97.23450094,Slow
Australia,2016,SQL Injection,Banking,1.73,91560,Hacker Group,Weak Passwords,AI-based Detection,35,18.89471385,Moderate
UK,2021,Phishing,Healthcare,1.35,375292,Unknown,Unpatched Software,Firewall,48,3.597198981,Slow
Japan,2015,SQL Injection,Retail,70.88,43366,Unknown,Weak Passwords,AI-based Detection,43,1634.460176,Slow
India,2019,Ransomware,Telecommunications,32.08,429224,Unknown,Social Engineering,AI-based Detection,56,74.73952994,Slow
Brazil,2017,Phishing,Healthcare,68.99,526227,Hacker Group,Weak Passwords,VPN,62,131.1031171,Slow
Japan,2024,Man-in-the-Middle,Retail,9.77,621770,Insider,Unpatched Software,AI-based Detection,70,15.71320585,Slow
India,2019,DDoS,Telecommunications,14.53,857688,Insider,Zero-day,Antivirus,55,16.94089226,Slow
Brazil,2024,SQL Injection,Banking,33.06,644841,Insider,Weak Passwords,Antivirus,64,51.26845222,Slow
Russia,2024,Man-in-the-Middle,IT,67.61,242847,Unknown,Unpatched Software,VPN,37,278.4057452,Slow
China,2022,Man-in-the-Middle,IT,85.3,155225,Unknown,Weak Passwords,Antivirus,13,549.5248832,Moderate
Japan,2017,Man-in-the-Middle,Banking,79.68,712646,Nation-state,Unpatched Software,AI-based Detection,50,111.808668,Slow
UK,2022,Phishing,Government,61.87,298941,Unknown,Zero-day,Antivirus,13,206.963916,Moderate
Russia,2018,Man-in-the-Middle,Telecommunications,4.92,783480,Insider,Zero-day,AI-based Detection,55,6.279675295,Slow
Germany,2019,Phishing,Healthcare,99.97,950451,Hacker Group,Weak Passwords,AI-based Detection,29,105.1816453,Moderate
China,2018,Malware,Education,95.42,917848,Insider,Social Engineering,VPN,30,103.9605686,Moderate
Germany,2016,SQL Injection,Education,42.98,194633,Nation-state,Social Engineering,Antivirus,37,220.825862,Slow
Australia,2016,Malware,Telecommunications,68.42,778844,Unknown,Zero-day,Encryption,65,87.84814417,Slow
France,2018,SQL Injection,Government,36.14,668774,Unknown,Social Engineering,Firewall,61,54.03918215,Slow
France,2023,SQL Injection,Healthcare,69.76,824351,Unknown,Zero-day,Firewall,17,84.62414675,Moderate
UK,2020,Phishing,Healthcare,3.02,510974,Unknown,Weak Passwords,Encryption,16,5.910281149,Moderate
Australia,2021,Man-in-the-Middle,Healthcare,86.29,404595,Unknown,Social Engineering,AI-based Detection,3,213.2750034,Fast
Germany,2022,SQL Injection,IT,6.31,742273,Hacker Group,Zero-day,AI-based Detection,67,8.500915431,Slow
China,2016,Phishing,IT,27.46,973388,Nation-state,Zero-day,AI-based Detection,63,28.21074433,Slow
China,2024,DDoS,Government,69.28,890675,Hacker Group,Unpatched Software,Firewall,5,77.78370337,Fast
Germany,2022,SQL Injection,Education,68.96,710896,Nation-state,Zero-day,Firewall,18,97.00434381,Moderate
India,2023,SQL Injection,Retail,2.85,30883,Nation-state,Weak Passwords,AI-based Detection,51,92.28378072,Slow
UK,2020,SQL Injection,Government,53.76,153355,Unknown,Zero-day,Encryption,57,350.5591601,Slow
Japan,2020,DDoS,Healthcare,25.83,96706,Insider,Unpatched Software,Firewall,42,267.0982152,Slow
Australia,2016,SQL Injection,IT,43.76,959797,Nation-state,Social Engineering,Antivirus,32,45.59297435,Moderate
China,2024,Phishing,Telecommunications,9.45,501864,Hacker Group,Unpatched Software,Encryption,12,18.8298025,Fast
Japan,2024,Man-in-the-Middle,IT,63.57,358626,Unknown,Weak Passwords,VPN,26,177.2598752,Moderate
Japan,2017,Man-in-the-Middle,Healthcare,11.3,64472,Insider,Social Engineering,Firewall,43,175.2698846,Slow
India,2023,DDoS,Education,82.11,23683,Hacker Group,Weak Passwords,Encryption,69,3467.043871,Slow
USA,2017,Man-in-the-Middle,IT,5.21,22635,Unknown,Unpatched Software,AI-based Detection,8,230.1745085,Fast
UK,2017,SQL Injection,Government,98.75,894933,Insider,Weak Passwords,Antivirus,59,110.3434559,Slow
UK,2023,Malware,Banking,55.34,259176,Unknown,Unpatched Software,VPN,3,213.5228571,Fast
China,2022,Man-in-the-Middle,Banking,12.36,987115,Unknown,Social Engineering,Encryption,55,12.52133743,Slow
France,2022,DDoS,Healthcare,6.48,727601,Insider,Social Engineering,Encryption,50,8.905980063,Slow
UK,2021,Phishing,Retail,56.53,542850,Nation-state,Zero-day,Antivirus,41,104.1355807,Slow
India,2023,Ransomware,Education,41.15,352194,Nation-state,Unpatched Software,Firewall,10,116.8390149,Fast
France,2019,Malware,Healthcare,39.83,571521,Nation-state,Weak Passwords,Antivirus,8,69.69122744,Fast
Brazil,2023,SQL Injection,Healthcare,47.59,933271,Insider,Unpatched Software,Antivirus,30,50.9926913,Moderate
Brazil,2022,Phishing,Banking,98.06,884502,Insider,Unpatched Software,AI-based Detection,55,110.8646447,Slow
China,2015,Ransomware,IT,57.27,762001,Nation-state,Social Engineering,VPN,67,75.15738168,Slow
France,2016,DDoS,Government,82.49,351330,Nation-state,Weak Passwords,VPN,57,234.793499,Slow
Australia,2023,Malware,Healthcare,37.73,158107,Unknown,Unpatched Software,AI-based Detection,43,238.6358605,Slow
USA,2016,SQL Injection,Government,77.45,632319,Unknown,Weak Passwords,AI-based Detection,47,122.4856441,Slow
India,2017,DDoS,Government,75.52,352250,Insider,Zero-day,VPN,39,214.3931867,Slow
France,2018,Ransomware,Telecommunications,11.28,504165,Hacker Group,Zero-day,AI-based Detection,55,22.37362768,Slow
Brazil,2024,DDoS,Telecommunications,36.69,738981,Unknown,Social Engineering,VPN,45,49.64944972,Slow
UK,2021,Ransomware,Banking,79.33,555527,Unknown,Unpatched Software,Firewall,33,142.80134,Moderate
Russia,2019,SQL Injection,Banking,59.78,681856,Insider,Zero-day,VPN,52,87.67247043,Slow
Germany,2024,DDoS,Retail,38.65,197609,Nation-state,Social Engineering,VPN,15,195.5882576,Moderate
USA,2018,Man-in-the-Middle,Banking,85.29,685291,Hacker Group,Social Engineering,Encryption,53,124.4580769,Slow
Japan,2024,Ransomware,Retail,37.49,835730,Insider,Zero-day,VPN,14,44.85898556,Moderate
Germany,2016,Phishing,Education,48.57,907547,Unknown,Unpatched Software,Firewall,33,53.51788943,Moderate
France,2019,Phishing,Retail,3,298096,Unknown,Social Engineering,Firewall,16,10.06387204,Moderate
UK,2023,Phishing,Retail,33.06,18579,Unknown,Social Engineering,VPN,13,1779.428387,Moderate
UK,2021,Malware,Education,70.9,490771,Nation-state,Weak Passwords,Antivirus,70,144.4665638,Slow
Germany,2020,Phishing,Healthcare,38.12,394577,Nation-state,Unpatched Software,Encryption,33,96.60978719,Moderate
India,2021,DDoS,Telecommunications,35.19,155426,Nation-state,Zero-day,Firewall,16,226.4099958,Moderate
Russia,2017,Ransomware,Education,88.9,444399,Insider,Zero-day,Encryption,38,200.0454546,Slow
Japan,2015,Man-in-the-Middle,Healthcare,7.96,770028,Unknown,Unpatched Software,Firewall,58,10.33728644,Slow
Brazil,2023,Ransomware,Retail,66.38,608520,Hacker Group,Zero-day,VPN,14,109.0843358,Moderate
Australia,2020,DDoS,Healthcare,91.45,471113,Hacker Group,Unpatched Software,AI-based Detection,71,194.1147877,Slow
Germany,2015,Man-in-the-Middle,Retail,63.65,311253,Nation-state,Weak Passwords,AI-based Detection,36,204.4960209,Moderate
Brazil,2023,DDoS,IT,84.19,390409,Insider,Zero-day,AI-based Detection,31,215.6456434,Moderate
China,2015,SQL Injection,IT,28.35,604786,Unknown,Zero-day,VPN,34,46.87608509,Moderate
China,2024,SQL Injection,Government,84.23,568377,Unknown,Social Engineering,Antivirus,38,148.1938924,Slow
Russia,2020,SQL Injection,Telecommunications,29.89,267678,Insider,Zero-day,AI-based Detection,13,111.6640142,Moderate
Australia,2020,Malware,Education,5.95,592485,Insider,Weak Passwords,Firewall,10,10.04244833,Fast
USA,2018,DDoS,Government,84.85,639011,Insider,Weak Passwords,Firewall,26,132.7833167,Moderate
China,2023,Man-in-the-Middle,Telecommunications,28.82,446243,Unknown,Zero-day,Firewall,66,64.58364613,Slow
Germany,2016,DDoS,Government,22.48,10438,Nation-state,Unpatched Software,Encryption,10,2153.669285,Fast
Brazil,2023,SQL Injection,IT,97.37,796195,Nation-state,Social Engineering,Firewall,20,122.2941616,Moderate
Australia,2020,SQL Injection,Telecommunications,53.32,55392,Unknown,Zero-day,VPN,44,962.5938764,Slow
Germany,2016,DDoS,IT,63.11,579291,Hacker Group,Unpatched Software,Encryption,6,108.9435189,Fast
Germany,2023,Malware,Banking,70.19,791366,Unknown,Unpatched Software,Firewall,61,88.69473796,Slow
France,2022,Malware,IT,92.29,727826,Unknown,Weak Passwords,Encryption,63,126.8022852,Slow
Russia,2023,Malware,IT,98.07,608695,Nation-state,Unpatched Software,AI-based Detection,31,161.1151726,Moderate
Australia,2019,SQL Injection,Retail,13.96,496667,Unknown,Zero-day,Antivirus,45,28.10736369,Slow
Japan,2024,Malware,Retail,56.9,353887,Unknown,Weak Passwords,Antivirus,59,160.7857876,Slow
China,2019,Ransomware,Banking,32.69,713584,Insider,Weak Passwords,Firewall,26,45.81100473,Moderate
India,2017,DDoS,IT,70.09,417831,Unknown,Unpatched Software,Encryption,36,167.7472471,Moderate
USA,2019,Ransomware,Banking,22.62,51219,Unknown,Zero-day,Encryption,36,441.6329878,Moderate
UK,2017,Ransomware,Retail,47.91,153257,Insider,Zero-day,Encryption,59,312.6121482,Slow
Russia,2017,Phishing,Retail,20.58,768022,Unknown,Zero-day,VPN,64,26.7961074,Slow
France,2024,Phishing,Banking,26.29,314347,Hacker Group,Unpatched Software,Antivirus,28,83.63369143,Moderate
Germany,2020,Phishing,IT,33.51,649406,Insider,Social Engineering,Firewall,27,51.60100153,Moderate
Japan,2023,Phishing,Education,68.28,744595,Insider,Zero-day,Antivirus,44,91.70085751,Slow
Brazil,2021,DDoS,Banking,14.72,126781,Insider,Weak Passwords,Antivirus,32,116.1057256,Moderate
France,2015,Phishing,Retail,44.29,427167,Insider,Unpatched Software,Encryption,11,103.6831029,Fast
Australia,2023,Ransomware,Retail,41.54,396865,Insider,Social Engineering,AI-based Detection,42,104.6703539,Slow
UK,2019,Phishing,Telecommunications,90.67,902952,Unknown,Weak Passwords,Encryption,8,100.415083,Fast
USA,2023,Ransomware,IT,34.94,632075,Insider,Social Engineering,Encryption,64,55.27825021,Slow
France,2017,SQL Injection,Healthcare,83.73,728486,Nation-state,Social Engineering,Encryption,61,114.9370063,Slow
Australia,2018,DDoS,Education,64.62,109439,Insider,Zero-day,Antivirus,32,590.4659217,Moderate
India,2018,Malware,Education,86.38,1174,Insider,Weak Passwords,VPN,23,73577.51278,Moderate
Russia,2024,Phishing,Education,25.7,953987,Insider,Social Engineering,AI-based Detection,65,26.93957046,Slow
Brazil,2021,DDoS,Government,56.2,713309,Hacker Group,Zero-day,Antivirus,51,78.78773435,Slow
Russia,2021,DDoS,Healthcare,11.38,334528,Insider,Weak Passwords,VPN,5,34.0180792,Fast
USA,2016,Phishing,IT,92.53,219826,Nation-state,Social Engineering,Antivirus,38,420.9238216,Slow
USA,2015,SQL Injection,Telecommunications,88.6,916744,Nation-state,Social Engineering,Antivirus,47,96.64639201,Slow
USA,2017,Man-in-the-Middle,IT,30.4,568560,Hacker Group,Zero-day,AI-based Detection,49,53.46841143,Slow
UK,2019,Malware,Education,90.7,440178,Insider,Unpatched Software,VPN,15,206.0530058,Moderate
Japan,2023,SQL Injection,Healthcare,45.38,172628,Insider,Weak Passwords,Encryption,4,262.8774011,Fast
USA,2022,Ransomware,Government,71.33,257989,Unknown,Unpatched Software,AI-based Detection,68,276.4846563,Slow
Japan,2021,Phishing,Healthcare,9.42,573560,Hacker Group,Social Engineering,Antivirus,9,16.42373945,Fast
Brazil,2018,Malware,Education,5.27,850056,Hacker Group,Weak Passwords,VPN,65,6.199591556,Slow
Australia,2018,DDoS,Retail,41.59,860119,Nation-state,Unpatched Software,Encryption,30,48.3537743,Moderate
USA,2015,SQL Injection,Education,98.78,140958,Insider,Social Engineering,AI-based Detection,51,700.7761177,Slow
China,2015,DDoS,Telecommunications,61.24,965727,Nation-state,Zero-day,AI-based Detection,32,63.4133663,Moderate
Russia,2015,Malware,Telecommunications,69.34,20269,Unknown,Social Engineering,VPN,36,3420.987715,Moderate
Germany,2015,DDoS,Retail,7.84,323011,Nation-state,Social Engineering,Encryption,25,24.27161923,Moderate
USA,2016,Ransomware,Retail,57.17,50321,Nation-state,Social Engineering,Antivirus,25,1136.106198,Moderate
Russia,2020,DDoS,Banking,33.99,851863,Insider,Weak Passwords,Firewall,25,39.90078217,Moderate
China,2024,DDoS,IT,22.45,704925,Unknown,Unpatched Software,AI-based Detection,52,31.84735965,Slow
France,2018,Ransomware,Banking,27.78,355077,Nation-state,Unpatched Software,VPN,65,78.23655151,Slow
Australia,2022,Malware,Education,47.12,866057,Unknown,Social Engineering,Antivirus,17,54.40750436,Moderate
Germany,2016,SQL Injection,Telecommunications,48.77,169455,Insider,Zero-day,Antivirus,23,287.805022,Moderate
India,2023,SQL Injection,IT,92.35,380022,Unknown,Unpatched Software,Encryption,30,243.0122467,Moderate
USA,2019,SQL Injection,Retail,88.98,898679,Insider,Zero-day,Firewall,35,99.01199427,Moderate
Japan,2020,Ransomware,IT,61.69,704157,Unknown,Zero-day,Antivirus,42,87.60830326,Slow
Russia,2022,Malware,Telecommunications,84.57,262201,Nation-state,Weak Passwords,Encryption,54,322.5388156,Slow
Brazil,2021,DDoS,Telecommunications,67.87,683261,Hacker Group,Unpatched Software,Antivirus,13,99.33246592,Moderate
USA,2022,Phishing,IT,59.7,382379,Nation-state,Unpatched Software,Firewall,2,156.1278208,Fast
Germany,2024,Phishing,Government,90.21,510657,Nation-state,Social Engineering,VPN,62,176.65478,Slow
UK,2018,SQL Injection,Education,16.23,912558,Nation-state,Unpatched Software,Antivirus,69,17.78517092,Slow
UK,2020,Ransomware,Banking,16.91,952504,Hacker Group,Zero-day,AI-based Detection,45,17.75320629,Slow
France,2015,Phishing,Government,41.88,913027,Insider,Unpatched Software,Antivirus,68,45.86939926,Slow
Brazil,2019,Malware,Government,31.04,269271,Insider,Unpatched Software,Antivirus,58,115.2742033,Slow
India,2016,Ransomware,Healthcare,37.12,113404,Hacker Group,Social Engineering,Antivirus,11,327.3253148,Fast
Russia,2023,DDoS,Healthcare,46.2,310868,Hacker Group,Weak Passwords,Antivirus,10,148.6161329,Fast
Japan,2024,Man-in-the-Middle,Telecommunications,98.3,458630,Insider,Social Engineering,Antivirus,14,214.3339947,Moderate
USA,2024,Ransomware,IT,16.61,912183,Unknown,Weak Passwords,Encryption,44,18.20906551,Slow
Brazil,2017,Man-in-the-Middle,IT,71.06,871891,Unknown,Social Engineering,Antivirus,52,81.50101331,Slow
USA,2016,SQL Injection,Government,14.17,863298,Nation-state,Unpatched Software,VPN,15,16.41379917,Moderate
Australia,2018,Malware,Healthcare,82.65,434626,Unknown,Social Engineering,AI-based Detection,29,190.1634969,Moderate
Australia,2018,Ransomware,IT,78.27,195490,Unknown,Zero-day,Antivirus,63,400.378536,Slow
UK,2022,Ransomware,Retail,10.44,19404,Nation-state,Unpatched Software,Firewall,32,538.0333952,Moderate
Russia,2019,Ransomware,Healthcare,21.95,217438,Hacker Group,Social Engineering,Firewall,14,100.9483163,Moderate
India,2018,Malware,Healthcare,30.83,481452,Unknown,Weak Passwords,AI-based Detection,57,64.0354594,Slow
UK,2020,SQL Injection,Education,35.57,386093,Unknown,Unpatched Software,VPN,42,92.12806241,Slow
France,2019,Man-in-the-Middle,Banking,28.29,929020,Nation-state,Weak Passwords,Antivirus,2,30.45144346,Fast
USA,2022,Malware,IT,4.06,863756,Nation-state,Unpatched Software,AI-based Detection,66,4.700401502,Slow
China,2018,Ransomware,Telecommunications,58.28,300898,Nation-state,Unpatched Software,Encryption,18,193.6868972,Moderate
Japan,2017,SQL Injection,Healthcare,7.31,191328,Insider,Weak Passwords,Encryption,51,38.20663991,Slow
Germany,2021,Man-in-the-Middle,Banking,37.69,361849,Hacker Group,Zero-day,Firewall,63,104.1594698,Slow
Brazil,2016,Phishing,Retail,27.99,30884,Nation-state,Unpatched Software,Antivirus,26,906.2945214,Moderate
Brazil,2024,Ransomware,IT,71.55,902924,Unknown,Social Engineering,Encryption,12,79.24254976,Fast
Brazil,2024,Man-in-the-Middle,Telecommunications,27.13,943178,Nation-state,Weak Passwords,VPN,63,28.76445379,Slow
Australia,2021,SQL Injection,Telecommunications,10.28,994468,Insider,Unpatched Software,Antivirus,8,10.33718531,Fast
China,2022,Phishing,Retail,31.35,131361,Insider,Weak Passwords,Firewall,39,238.6553087,Slow
China,2023,Malware,Telecommunications,80.1,237658,Unknown,Zero-day,Antivirus,26,337.0389383,Moderate
USA,2017,Ransomware,Banking,42.19,157313,Hacker Group,Unpatched Software,Antivirus,47,268.19144,Slow
UK,2021,Man-in-the-Middle,Education,40.98,414340,Insider,Unpatched Software,AI-based Detection,10,98.90428151,Fast
France,2020,DDoS,Healthcare,58.8,153523,Insider,Social Engineering,Encryption,22,383.004501,Moderate
UK,2019,Phishing,IT,3.33,232665,Unknown,Social Engineering,AI-based Detection,65,14.31242344,Slow
Germany,2022,Phishing,Government,58.98,383945,Nation-state,Zero-day,Encryption,49,153.6157523,Slow
Brazil,2023,Ransomware,Government,4.6,762006,Unknown,Weak Passwords,Antivirus,21,6.036697874,Moderate
Germany,2019,SQL Injection,Government,96.91,408103,Nation-state,Unpatched Software,Firewall,27,237.4645616,Moderate
France,2022,Phishing,Healthcare,85.91,44837,Unknown,Zero-day,AI-based Detection,18,1916.051475,Moderate
Germany,2023,DDoS,Telecommunications,51.49,642699,Unknown,Social Engineering,Firewall,51,80.11526391,Slow
UK,2021,Ransomware,Telecommunications,3.99,634820,Insider,Unpatched Software,Encryption,33,6.285246212,Moderate
France,2021,Malware,Retail,3.44,887718,Insider,Zero-day,Antivirus,55,3.875104481,Slow
USA,2020,DDoS,Education,52.7,541631,Unknown,Zero-day,AI-based Detection,30,97.29871444,Moderate
USA,2016,Ransomware,Retail,11.58,523522,Unknown,Weak Passwords,Encryption,57,22.11941427,Slow
Russia,2021,DDoS,Government,91.69,686309,Unknown,Unpatched Software,Antivirus,42,133.5987143,Slow
India,2015,Man-in-the-Middle,Education,79.89,416328,Nation-state,Zero-day,Encryption,55,191.8919698,Slow
India,2021,Man-in-the-Middle,IT,53.49,582718,Hacker Group,Social Engineering,Encryption,20,91.79397238,Moderate
Japan,2021,Man-in-the-Middle,Telecommunications,18.91,549640,Nation-state,Social Engineering,Encryption,17,34.40433738,Moderate
USA,2024,DDoS,Retail,15.34,1068,Insider,Social Engineering,Firewall,3,14363.29588,Fast
France,2018,DDoS,Telecommunications,12.72,959835,Unknown,Zero-day,Firewall,38,13.25227774,Slow
USA,2024,Ransomware,Retail,46.59,227390,Insider,Weak Passwords,AI-based Detection,40,204.8902766,Slow
France,2021,SQL Injection,Banking,62.9,577763,Insider,Zero-day,AI-based Detection,43,108.8681691,Slow
Japan,2018,SQL Injection,Healthcare,85.33,786644,Nation-state,Unpatched Software,Antivirus,41,108.4734645,Slow
China,2016,Malware,Healthcare,85.15,454802,Insider,Unpatched Software,Antivirus,48,187.2243306,Slow
China,2024,DDoS,Healthcare,53.53,371685,Unknown,Social Engineering,VPN,34,144.0198017,Moderate
India,2023,Ransomware,Retail,4.32,217534,Unknown,Unpatched Software,VPN,48,19.85896458,Slow
Australia,2024,Man-in-the-Middle,Telecommunications,31.68,376612,Nation-state,Unpatched Software,VPN,27,84.11840302,Moderate
UK,2020,Phishing,Banking,84.77,812206,Hacker Group,Unpatched Software,Encryption,39,104.3700736,Slow
Australia,2021,Man-in-the-Middle,Banking,82.87,255967,Unknown,Social Engineering,VPN,23,323.7526712,Moderate
USA,2023,DDoS,Healthcare,5.32,463332,Unknown,Weak Passwords,Encryption,16,11.48204743,Moderate
Australia,2023,DDoS,IT,31.48,771547,Hacker Group,Zero-day,Antivirus,5,40.80114368,Fast
UK,2020,DDoS,Retail,86,809209,Unknown,Social Engineering,Encryption,26,106.2766232,Moderate
India,2024,DDoS,Retail,35.47,342575,Insider,Social Engineering,Firewall,49,103.5393709,Slow
Japan,2024,Phishing,Retail,94.75,478963,Insider,Zero-day,VPN,70,197.8232139,Slow
USA,2017,SQL Injection,Banking,39.59,910393,Unknown,Weak Passwords,Antivirus,52,43.48671398,Slow
Australia,2024,Phishing,Banking,70.52,601198,Insider,Zero-day,Encryption,41,117.2991261,Slow
UK,2018,Ransomware,Government,6.6,152302,Hacker Group,Social Engineering,AI-based Detection,26,43.33495292,Moderate
USA,2016,SQL Injection,Healthcare,25.85,79102,Nation-state,Zero-day,AI-based Detection,4,326.7932543,Fast
India,2017,Ransomware,Retail,80.93,837506,Nation-state,Zero-day,Antivirus,8,96.63214353,Fast
Germany,2018,Malware,Banking,63.81,347441,Hacker Group,Social Engineering,Firewall,58,183.6570813,Slow
USA,2021,Ransomware,Telecommunications,3.63,231198,Insider,Unpatched Software,Encryption,42,15.70082786,Slow
Brazil,2016,DDoS,Government,80.09,555275,Unknown,Social Engineering,Antivirus,71,144.2348386,Slow
UK,2016,SQL Injection,Retail,24.51,46699,Unknown,Zero-day,Antivirus,53,524.8506392,Slow
UK,2024,Man-in-the-Middle,IT,56.23,706469,Unknown,Unpatched Software,Encryption,17,79.59301824,Moderate
China,2018,Ransomware,IT,43.73,311165,Unknown,Social Engineering,AI-based Detection,34,140.5363714,Moderate
France,2019,SQL Injection,Government,85.13,304257,Nation-state,Weak Passwords,Antivirus,20,279.7963564,Moderate
Brazil,2017,SQL Injection,Telecommunications,24.05,446378,Insider,Unpatched Software,Antivirus,59,53.87810331,Slow
China,2021,Ransomware,Healthcare,32.72,994243,Hacker Group,Social Engineering,Firewall,54,32.90945976,Slow
UK,2015,Phishing,Healthcare,81.75,98634,Unknown,Social Engineering,VPN,5,828.8217045,Fast
USA,2018,Phishing,Telecommunications,42.46,93999,Nation-state,Social Engineering,Encryption,65,451.7069331,Slow
France,2017,SQL Injection,Education,14.54,171095,Hacker Group,Zero-day,AI-based Detection,63,84.98202753,Slow
USA,2015,Man-in-the-Middle,IT,38.92,820182,Nation-state,Weak Passwords,Antivirus,16,47.45288241,Moderate
Germany,2018,SQL Injection,Telecommunications,4.2,164890,Insider,Weak Passwords,Encryption,61,25.47152647,Slow
China,2015,SQL Injection,Telecommunications,75.91,605020,Insider,Unpatched Software,Antivirus,43,125.4669267,Slow
Australia,2024,Ransomware,Education,44.95,500747,Insider,Unpatched Software,AI-based Detection,58,89.76588976,Slow
Japan,2020,Man-in-the-Middle,IT,35.79,854904,Insider,Weak Passwords,Firewall,12,41.86434968,Fast
China,2020,SQL Injection,Healthcare,62.44,55719,Unknown,Unpatched Software,Firewall,71,1120.623127,Slow
Brazil,2015,Phishing,Retail,19.93,355008,Hacker Group,Unpatched Software,Antivirus,31,56.13957995,Moderate
UK,2019,Phishing,IT,75.31,428615,Unknown,Social Engineering,AI-based Detection,66,175.7054699,Slow
Australia,2015,Phishing,Healthcare,76.4,108767,Nation-state,Unpatched Software,VPN,48,702.4189322,Slow
India,2020,Man-in-the-Middle,IT,28.69,939469,Insider,Unpatched Software,Encryption,45,30.53852762,Slow
UK,2019,Man-in-the-Middle,Government,23.93,325827,Nation-state,Zero-day,Antivirus,39,73.4438828,Slow
UK,2017,Man-in-the-Middle,Education,30.44,996762,Hacker Group,Social Engineering,AI-based Detection,27,30.53888491,Moderate
Japan,2017,Phishing,IT,5.14,319868,Hacker Group,Unpatched Software,VPN,52,16.06912852,Slow
Brazil,2018,Man-in-the-Middle,Banking,1.01,66191,Hacker Group,Weak Passwords,AI-based Detection,71,15.25887205,Slow
India,2023,Ransomware,IT,18.53,925373,Insider,Zero-day,AI-based Detection,4,20.02435775,Fast
India,2015,Malware,Telecommunications,1.52,913114,Insider,Unpatched Software,VPN,15,1.664633332,Moderate
Australia,2019,DDoS,Healthcare,84.89,163975,Nation-state,Unpatched Software,Firewall,22,517.700869,Moderate
USA,2016,DDoS,Education,66.73,876135,Insider,Unpatched Software,AI-based Detection,67,76.16406147,Slow
China,2024,Ransomware,Government,72.61,595380,Hacker Group,Zero-day,VPN,10,121.9557258,Fast
France,2020,DDoS,Government,44.16,840796,Nation-state,Weak Passwords,AI-based Detection,5,52.52165805,Fast
UK,2022,DDoS,Telecommunications,80.05,484908,Unknown,Weak Passwords,Firewall,42,165.0828611,Slow
Russia,2018,SQL Injection,Telecommunications,13.69,146100,Unknown,Social Engineering,Encryption,22,93.70294319,Moderate
USA,2021,Phishing,IT,29.02,555756,Insider,Zero-day,AI-based Detection,21,52.21716005,Moderate
India,2017,Ransomware,Retail,69.91,340928,Unknown,Social Engineering,Antivirus,61,205.0579595,Slow
UK,2016,Malware,Telecommunications,3.76,678640,Insider,Zero-day,Encryption,44,5.54049275,Slow
Brazil,2020,Phishing,IT,57.43,212798,Insider,Social Engineering,Antivirus,31,269.880356,Moderate
UK,2019,Ransomware,Retail,63.45,354024,Unknown,Weak Passwords,AI-based Detection,33,179.2251373,Moderate
UK,2016,Man-in-the-Middle,Government,41.34,189354,Insider,Zero-day,Firewall,39,218.3212396,Slow
Australia,2022,Phishing,Education,22.73,648363,Unknown,Zero-day,VPN,47,35.05752179,Slow
Brazil,2017,DDoS,IT,5.88,231114,Insider,Weak Passwords,AI-based Detection,37,25.44198967,Slow
India,2017,Ransomware,Banking,9.81,489620,Unknown,Unpatched Software,VPN,43,20.03594624,Slow
USA,2015,DDoS,IT,94.14,854005,Unknown,Zero-day,AI-based Detection,14,110.2335466,Moderate
Germany,2017,Ransomware,IT,33.24,550719,Hacker Group,Zero-day,AI-based Detection,60,60.35745998,Slow
Germany,2019,Man-in-the-Middle,Government,75.37,445254,Hacker Group,Unpatched Software,VPN,42,169.2741671,Slow
Japan,2020,Phishing,Education,49.17,218097,Unknown,Zero-day,VPN,32,225.4501437,Moderate
Germany,2017,Malware,Telecommunications,94.87,324790,Insider,Zero-day,VPN,42,292.0964315,Slow
India,2023,SQL Injection,Government,28.71,497965,Unknown,Unpatched Software,VPN,25,57.65465444,Moderate
Australia,2023,SQL Injection,Education,42.5,933030,Insider,Social Engineering,Antivirus,27,45.5505182,Moderate
UK,2015,Man-in-the-Middle,IT,53.07,538338,Nation-state,Zero-day,VPN,1,98.58118877,Fast
France,2018,Phishing,Retail,99.78,860459,Hacker Group,Social Engineering,AI-based Detection,11,115.9613648,Fast
UK,2024,DDoS,Healthcare,82.87,276634,Unknown,Unpatched Software,Antivirus,38,299.5654909,Slow
Germany,2018,Man-in-the-Middle,Banking,81.46,316299,Insider,Social Engineering,Firewall,66,257.5411241,Slow
Japan,2023,Ransomware,Healthcare,33.66,410385,Unknown,Zero-day,Encryption,71,82.02054169,Slow
Japan,2024,DDoS,Healthcare,99.28,589898,Unknown,Weak Passwords,VPN,59,168.3002824,Slow
France,2016,Man-in-the-Middle,Retail,14.86,63760,Hacker Group,Weak Passwords,VPN,8,233.0614806,Fast
USA,2015,Ransomware,Banking,33.75,58037,Insider,Social Engineering,VPN,13,581.5255785,Moderate
UK,2017,SQL Injection,Government,82.03,994787,Nation-state,Unpatched Software,Encryption,56,82.45986327,Slow
India,2016,Ransomware,Retail,9.53,89719,Unknown,Zero-day,Firewall,68,106.220533,Slow
Germany,2023,SQL Injection,Telecommunications,6.09,590760,Unknown,Unpatched Software,Firewall,32,10.30875482,Moderate
UK,2022,DDoS,IT,29.05,186700,Insider,Weak Passwords,Antivirus,37,155.5972148,Slow
Japan,2019,SQL Injection,Education,89.48,682430,Hacker Group,Zero-day,VPN,5,131.1196753,Fast
Australia,2018,SQL Injection,Education,75.2,60868,Insider,Social Engineering,Antivirus,46,1235.46034,Slow
France,2016,SQL Injection,Government,29.33,182916,Nation-state,Unpatched Software,Antivirus,17,160.3468259,Moderate
France,2023,DDoS,Education,65.96,181879,Insider,Weak Passwords,Antivirus,64,362.6586907,Slow
Australia,2017,Phishing,Retail,95.2,715732,Unknown,Weak Passwords,Antivirus,11,133.01068,Fast
UK,2023,Malware,Banking,16.02,452477,Hacker Group,Zero-day,Encryption,23,35.40511451,Moderate
India,2018,Ransomware,Banking,11.19,168881,Insider,Social Engineering,AI-based Detection,5,66.25967397,Fast
France,2017,SQL Injection,Healthcare,27.42,94235,Insider,Social Engineering,Antivirus,29,290.9746909,Moderate
Australia,2015,Ransomware,Telecommunications,17.38,75314,Unknown,Unpatched Software,Encryption,6,230.767188,Fast
Russia,2019,Man-in-the-Middle,Retail,99.53,515797,Nation-state,Social Engineering,Firewall,46,192.9635108,Slow
Russia,2024,DDoS,Telecommunications,55.05,363906,Insider,Weak Passwords,Antivirus,31,151.2753293,Moderate
UK,2022,DDoS,Education,79.6,446296,Unknown,Zero-day,AI-based Detection,4,178.3569649,Fast
Russia,2017,Ransomware,Telecommunications,65.18,329972,Nation-state,Unpatched Software,Firewall,48,197.5319118,Slow
China,2017,Ransomware,Education,25.73,639190,Insider,Social Engineering,Encryption,33,40.25407156,Moderate
USA,2022,Ransomware,Government,33.71,135105,Unknown,Unpatched Software,VPN,48,249.5096406,Slow
China,2015,DDoS,Education,94.74,103079,Nation-state,Social Engineering,Antivirus,57,919.1008838,Slow
France,2018,DDoS,IT,75.88,822364,Unknown,Zero-day,VPN,71,92.27057605,Slow
India,2021,SQL Injection,Government,75.25,597509,Nation-state,Social Engineering,Firewall,20,125.9395256,Moderate
Brazil,2023,Man-in-the-Middle,Telecommunications,90.37,705678,Hacker Group,Zero-day,Antivirus,57,128.0612404,Slow
France,2020,Phishing,Retail,14.45,309967,Unknown,Zero-day,Firewall,26,46.61786577,Moderate
France,2022,Ransomware,Banking,54.47,604250,Unknown,Social Engineering,AI-based Detection,63,90.14480761,Slow
India,2024,Ransomware,IT,33.66,131900,Unknown,Unpatched Software,Antivirus,21,255.1933283,Moderate
Australia,2022,Ransomware,Government,84.51,305494,Insider,Social Engineering,Firewall,19,276.633911,Moderate
Brazil,2023,Malware,Healthcare,61.56,907121,Unknown,Social Engineering,VPN,33,67.86305245,Moderate
India,2024,Phishing,Banking,23.32,879162,Unknown,Zero-day,VPN,38,26.52525928,Slow
Brazil,2017,Man-in-the-Middle,Telecommunications,43.71,57237,Unknown,Unpatched Software,Firewall,52,763.6668589,Slow
Australia,2016,Phishing,Telecommunications,2.84,880127,Insider,Social Engineering,Antivirus,67,3.22680704,Slow
China,2017,Phishing,IT,71.4,698847,Insider,Zero-day,AI-based Detection,17,102.1682858,Moderate
India,2022,Man-in-the-Middle,Banking,90.87,928859,Unknown,Unpatched Software,Firewall,32,97.82970289,Moderate
India,2017,SQL Injection,IT,78.94,858565,Unknown,Weak Passwords,Encryption,29,91.94411605,Moderate
China,2022,Malware,Telecommunications,34.33,571265,Unknown,Unpatched Software,Firewall,17,60.09470211,Moderate
Russia,2015,DDoS,Banking,40.64,259321,Nation-state,Social Engineering,AI-based Detection,62,156.7169647,Slow
Brazil,2022,Man-in-the-Middle,Banking,59.43,121504,Insider,Weak Passwords,AI-based Detection,32,489.1196998,Moderate
France,2018,DDoS,Banking,50.75,670630,Nation-state,Zero-day,Antivirus,4,75.67511146,Fast
China,2024,Ransomware,Banking,72.18,277175,Insider,Social Engineering,Firewall,72,260.4130964,Slow
USA,2016,Man-in-the-Middle,Retail,23.35,952463,Nation-state,Unpatched Software,Antivirus,26,24.515388,Moderate
UK,2020,DDoS,Government,78.32,624619,Unknown,Weak Passwords,AI-based Detection,67,125.3884368,Slow
China,2018,Phishing,Healthcare,20.22,363934,Insider,Weak Passwords,Firewall,24,55.55952453,Moderate
Japan,2017,SQL Injection,IT,33.15,44750,Unknown,Unpatched Software,Firewall,22,740.7821229,Moderate
UK,2021,DDoS,Banking,8.82,736601,Nation-state,Zero-day,AI-based Detection,26,11.97391804,Moderate
Japan,2018,Ransomware,Education,43.32,42876,Unknown,Unpatched Software,Antivirus,40,1010.355444,Slow
Australia,2018,DDoS,Healthcare,90.4,536357,Nation-state,Weak Passwords,Encryption,55,168.5444583,Slow
USA,2017,Phishing,Government,55.34,785099,Insider,Social Engineering,Encryption,29,70.48792573,Moderate
France,2019,DDoS,Healthcare,27.89,460544,Unknown,Weak Passwords,Firewall,29,60.5588174,Moderate
France,2020,Ransomware,Education,66.04,881755,Unknown,Zero-day,Firewall,10,74.89608792,Fast
India,2024,SQL Injection,Telecommunications,10.24,213393,Unknown,Social Engineering,Encryption,49,47.98657875,Slow
UK,2017,Man-in-the-Middle,Telecommunications,43.82,213979,Hacker Group,Unpatched Software,Firewall,10,204.786451,Fast
UK,2021,Malware,Telecommunications,3.17,570243,Insider,Unpatched Software,Antivirus,51,5.559033605,Slow
Brazil,2016,Malware,Government,72.73,47624,Nation-state,Weak Passwords,Firewall,70,1527.171174,Slow
China,2024,Man-in-the-Middle,Banking,16.09,72940,Nation-state,Zero-day,VPN,26,220.5922676,Moderate
Japan,2020,Malware,Telecommunications,98.14,710142,Insider,Zero-day,AI-based Detection,56,138.1977126,Slow
Japan,2023,Malware,Retail,51.91,360524,Hacker Group,Unpatched Software,Firewall,47,143.9848665,Slow
France,2017,Phishing,IT,55.9,309259,Insider,Zero-day,AI-based Detection,3,180.7546425,Fast
UK,2024,Phishing,Government,30.68,393201,Nation-state,Social Engineering,Firewall,3,78.0262512,Fast
Germany,2020,Ransomware,IT,65.2,306799,Unknown,Zero-day,Encryption,61,212.51699,Slow
Russia,2022,Malware,Healthcare,81.92,30180,Insider,Weak Passwords,AI-based Detection,53,2714.380384,Slow
India,2017,Phishing,Retail,97.87,113745,Unknown,Unpatched Software,Encryption,2,860.4334256,Fast
Japan,2024,Ransomware,Banking,24.22,584428,Nation-state,Weak Passwords,Firewall,34,41.44223069,Moderate
France,2020,Ransomware,Healthcare,3.27,178268,Nation-state,Unpatched Software,Antivirus,2,18.34316871,Fast
China,2022,Phishing,Retail,33.69,338578,Unknown,Social Engineering,AI-based Detection,38,99.5043978,Slow
China,2024,DDoS,Healthcare,7.31,972407,Hacker Group,Zero-day,Encryption,51,7.517428402,Slow
Brazil,2022,Ransomware,Banking,15.66,817169,Insider,Unpatched Software,Firewall,54,19.16372256,Slow
Australia,2015,Malware,Healthcare,62.34,796100,Hacker Group,Social Engineering,AI-based Detection,20,78.30674538,Moderate
UK,2016,Man-in-the-Middle,Banking,76.06,530253,Unknown,Weak Passwords,Encryption,28,143.4409612,Moderate
Australia,2024,Man-in-the-Middle,Government,50.36,165496,Nation-state,Weak Passwords,Encryption,72,304.2973848,Slow
Russia,2021,Ransomware,Banking,34.92,501490,Insider,Social Engineering,Firewall,44,69.63249516,Slow
India,2016,Malware,Banking,11.81,392365,Insider,Social Engineering,Antivirus,72,30.09952468,Slow
China,2022,Malware,Education,96.72,194617,Insider,Social Engineering,Antivirus,31,496.9761121,Moderate
Japan,2022,Man-in-the-Middle,Retail,44.34,516125,Unknown,Zero-day,Firewall,67,85.90942117,Slow
Australia,2021,Man-in-the-Middle,Telecommunications,67.72,393335,Hacker Group,Social Engineering,Antivirus,31,172.168762,Moderate
UK,2018,SQL Injection,Government,34.09,197436,Unknown,Zero-day,Antivirus,10,172.6635467,Fast
France,2022,DDoS,Education,31.51,452360,Nation-state,Zero-day,Antivirus,65,69.65691043,Slow
Australia,2018,DDoS,Healthcare,20.39,913090,Unknown,Zero-day,VPN,2,22.33076696,Fast
Germany,2018,SQL Injection,Telecommunications,38.65,368222,Insider,Zero-day,VPN,56,104.9638533,Slow
India,2022,SQL Injection,Healthcare,77.3,826937,Unknown,Zero-day,AI-based Detection,64,93.47749587,Slow
Brazil,2015,Ransomware,Retail,89.93,673959,Hacker Group,Zero-day,Firewall,39,133.4354167,Slow
UK,2022,Ransomware,Education,4.29,383246,Nation-state,Unpatched Software,VPN,45,11.1938546,Slow
UK,2019,Man-in-the-Middle,Banking,76.03,422890,Insider,Social Engineering,VPN,4,179.7867058,Fast
Australia,2020,Malware,Banking,42.3,497035,Hacker Group,Zero-day,AI-based Detection,66,85.1046707,Slow
Brazil,2023,Phishing,Government,72.57,720220,Unknown,Weak Passwords,Firewall,71,100.7608786,Slow
Russia,2019,Phishing,Government,93.7,808318,Nation-state,Social Engineering,Antivirus,57,115.9197247,Slow
Germany,2022,SQL Injection,IT,68.63,294981,Unknown,Zero-day,AI-based Detection,3,232.6590526,Fast
USA,2017,Phishing,Healthcare,52.7,281182,Nation-state,Zero-day,Encryption,27,187.4230925,Moderate
Australia,2017,Ransomware,Education,66.56,95750,Nation-state,Zero-day,Antivirus,44,695.1436031,Slow
Brazil,2015,Ransomware,Retail,91.03,879260,Hacker Group,Social Engineering,Antivirus,16,103.5302413,Moderate
Russia,2017,Man-in-the-Middle,IT,14.74,561615,Hacker Group,Weak Passwords,Antivirus,29,26.24573774,Moderate
Brazil,2016,SQL Injection,Retail,40.29,206598,Unknown,Zero-day,Encryption,45,195.0164087,Slow
Brazil,2017,Man-in-the-Middle,IT,56.83,171305,Unknown,Unpatched Software,Firewall,54,331.747468,Slow
Russia,2024,SQL Injection,Government,63.45,492909,Unknown,Zero-day,AI-based Detection,42,128.7255863,Slow
UK,2021,Man-in-the-Middle,IT,72.57,477493,Hacker Group,Unpatched Software,Encryption,16,151.9812856,Moderate
Japan,2021,Phishing,Government,22.94,622723,Nation-state,Weak Passwords,AI-based Detection,67,36.83820896,Slow
Australia,2016,Malware,Healthcare,80.22,124155,Nation-state,Weak Passwords,Encryption,40,646.1278241,Slow
China,2024,Malware,Retail,34.49,897277,Unknown,Zero-day,VPN,55,38.4385201,Slow
USA,2017,SQL Injection,Healthcare,51.26,28682,Hacker Group,Zero-day,VPN,44,1787.183599,Slow
Japan,2020,Phishing,Banking,73.04,512431,Nation-state,Unpatched Software,VPN,44,142.5362634,Slow
Australia,2018,SQL Injection,IT,19.14,171977,Unknown,Zero-day,Antivirus,44,111.2939521,Slow
UK,2015,SQL Injection,Telecommunications,38.72,943070,Hacker Group,Zero-day,VPN,36,41.05739765,Moderate
Japan,2021,DDoS,Education,14.88,887855,Nation-state,Zero-day,AI-based Detection,7,16.75949339,Fast
USA,2018,Ransomware,Retail,54.05,535110,Nation-state,Zero-day,Antivirus,2,101.0072695,Fast
USA,2021,Man-in-the-Middle,Telecommunications,42.29,817386,Nation-state,Zero-day,Firewall,8,51.7381017,Fast
India,2018,Phishing,Banking,96.59,206552,Nation-state,Weak Passwords,Encryption,13,467.6304272,Moderate
Brazil,2020,Man-in-the-Middle,Education,71.35,154966,Hacker Group,Zero-day,Antivirus,19,460.4235768,Moderate
France,2016,Phishing,Banking,54.5,511287,Unknown,Unpatched Software,Antivirus,34,106.5937526,Moderate
Germany,2023,SQL Injection,Banking,94.48,426499,Unknown,Unpatched Software,VPN,37,221.5245522,Slow
UK,2016,Man-in-the-Middle,Telecommunications,73.63,15907,Hacker Group,Social Engineering,Antivirus,36,4628.779782,Moderate
UK,2022,Phishing,Education,36.15,375734,Nation-state,Weak Passwords,AI-based Detection,31,96.21168167,Moderate
Brazil,2023,Malware,Government,19.18,993826,Unknown,Zero-day,Firewall,7,19.29915297,Fast
India,2023,Ransomware,Banking,83.18,397813,Nation-state,Social Engineering,Antivirus,12,209.0932172,Fast
France,2024,Ransomware,Banking,70.98,185001,Insider,Zero-day,VPN,3,383.6736018,Fast
Japan,2024,DDoS,IT,7.99,805548,Insider,Unpatched Software,Antivirus,10,9.91871372,Fast
Brazil,2015,SQL Injection,Retail,74.74,562552,Nation-state,Unpatched Software,Encryption,37,132.8588291,Slow
Brazil,2018,Malware,Education,33.12,724513,Nation-state,Zero-day,VPN,46,45.71346546,Slow
UK,2024,SQL Injection,Telecommunications,54.1,715395,Unknown,Social Engineering,VPN,60,75.62255817,Slow
France,2020,Ransomware,Telecommunications,75.13,177097,Unknown,Unpatched Software,Encryption,15,424.2307888,Moderate
Australia,2020,Man-in-the-Middle,Banking,56.34,407084,Unknown,Unpatched Software,Firewall,11,138.3989545,Fast
UK,2023,Phishing,Healthcare,23.66,889641,Hacker Group,Social Engineering,AI-based Detection,50,26.59499731,Slow
USA,2019,SQL Injection,IT,17.81,378105,Unknown,Weak Passwords,Encryption,4,47.10331786,Fast
Germany,2020,SQL Injection,Education,43.96,597987,Hacker Group,Weak Passwords,Encryption,50,73.5133038,Slow
USA,2018,Malware,Education,77.07,10600,Insider,Social Engineering,Firewall,47,7270.754717,Slow
France,2016,SQL Injection,Healthcare,10.82,586784,Hacker Group,Weak Passwords,Encryption,26,18.43949392,Moderate
India,2023,SQL Injection,Banking,48.53,421083,Insider,Unpatched Software,AI-based Detection,28,115.2504376,Moderate
Australia,2023,Ransomware,Education,94.86,127127,Unknown,Social Engineering,Encryption,47,746.1829509,Slow
China,2016,Malware,Government,15.92,668188,Insider,Unpatched Software,AI-based Detection,38,23.82562991,Slow
Japan,2018,SQL Injection,Education,11.28,433618,Hacker Group,Social Engineering,Antivirus,59,26.01368024,Slow
Germany,2023,Malware,Telecommunications,3.86,51176,Unknown,Social Engineering,Encryption,61,75.42598093,Slow
Germany,2016,SQL Injection,IT,34.35,918452,Unknown,Weak Passwords,AI-based Detection,16,37.39988589,Moderate
Germany,2023,Ransomware,Healthcare,84.92,152814,Nation-state,Social Engineering,AI-based Detection,33,555.7082466,Moderate
USA,2017,Man-in-the-Middle,Retail,74.57,502149,Hacker Group,Weak Passwords,AI-based Detection,29,148.5017395,Moderate
USA,2019,Ransomware,Healthcare,89.81,46960,Nation-state,Zero-day,AI-based Detection,16,1912.478705,Moderate
Brazil,2017,SQL Injection,Government,40.66,651335,Insider,Weak Passwords,Encryption,21,62.42563351,Moderate
Brazil,2018,DDoS,Telecommunications,69.83,587034,Hacker Group,Weak Passwords,AI-based Detection,35,118.9539277,Moderate
France,2015,Man-in-the-Middle,Healthcare,79.58,856278,Hacker Group,Zero-day,Firewall,71,92.93710687,Slow
China,2022,DDoS,Banking,79.07,880586,Hacker Group,Unpatched Software,VPN,56,89.7924791,Slow
USA,2019,DDoS,Government,81.56,78873,Hacker Group,Weak Passwords,Encryption,27,1034.067425,Moderate
Australia,2017,DDoS,Banking,62.81,810106,Hacker Group,Weak Passwords,Encryption,66,77.53306357,Slow
Germany,2021,DDoS,Government,28.71,937384,Hacker Group,Unpatched Software,Encryption,67,30.62778968,Slow
Japan,2023,Man-in-the-Middle,Retail,36.68,231307,Unknown,Zero-day,Encryption,4,158.5771291,Fast
China,2016,DDoS,IT,71.75,816710,Hacker Group,Weak Passwords,VPN,60,87.8524813,Slow
USA,2019,Man-in-the-Middle,Telecommunications,17.21,896828,Unknown,Weak Passwords,Firewall,33,19.1898558,Moderate
UK,2016,DDoS,Telecommunications,48.47,937466,Hacker Group,Social Engineering,AI-based Detection,28,51.70320844,Moderate
China,2020,DDoS,Banking,11.72,81518,Nation-state,Social Engineering,VPN,47,143.7719277,Slow
Brazil,2015,Malware,IT,1.35,371048,Hacker Group,Zero-day,VPN,56,3.638343287,Slow
USA,2019,Phishing,IT,20.13,25946,Hacker Group,Weak Passwords,AI-based Detection,68,775.8421337,Slow
France,2017,Man-in-the-Middle,Education,14.99,942088,Insider,Zero-day,AI-based Detection,46,15.91146475,Slow
Japan,2015,Malware,Telecommunications,28.8,915532,Insider,Zero-day,Encryption,68,31.45712001,Slow
USA,2018,SQL Injection,Government,99.49,755576,Insider,Weak Passwords,AI-based Detection,23,131.6743782,Moderate
Brazil,2018,Malware,Education,6.3,661644,Insider,Social Engineering,AI-based Detection,29,9.521736765,Moderate
UK,2019,DDoS,Telecommunications,95.75,168951,Insider,Social Engineering,VPN,13,566.7323662,Moderate
Russia,2022,Man-in-the-Middle,IT,49.87,816398,Insider,Social Engineering,Encryption,39,61.08540197,Slow
India,2017,DDoS,Education,83.49,79933,Hacker Group,Zero-day,AI-based Detection,23,1044.499769,Moderate
USA,2019,Malware,Government,83.84,506149,Nation-state,Social Engineering,Encryption,35,165.6429233,Moderate
Japan,2021,Phishing,Retail,81.26,245015,Nation-state,Zero-day,Firewall,41,331.6531641,Slow
Japan,2017,SQL Injection,Banking,66.81,966993,Hacker Group,Social Engineering,VPN,64,69.09046911,Slow
Australia,2016,Malware,Education,88.87,235062,Nation-state,Weak Passwords,Firewall,32,378.0704665,Moderate
Brazil,2022,Phishing,Healthcare,75.08,132520,Unknown,Zero-day,Antivirus,56,566.5559915,Slow
Germany,2016,SQL Injection,Retail,56.57,869605,Unknown,Social Engineering,VPN,51,65.05252385,Slow
USA,2017,Phishing,Banking,96.27,637264,Hacker Group,Unpatched Software,AI-based Detection,11,151.0676894,Fast
Russia,2021,DDoS,Banking,45.6,759356,Insider,Social Engineering,VPN,1,60.05088522,Fast
Brazil,2021,DDoS,Education,69.37,666096,Hacker Group,Zero-day,Encryption,9,104.1441474,Fast
India,2021,SQL Injection,Telecommunications,68.91,851981,Nation-state,Zero-day,AI-based Detection,57,80.8820854,Slow
Australia,2024,Phishing,Banking,14.97,214740,Nation-state,Unpatched Software,Encryption,57,69.71221011,Slow
Brazil,2016,Phishing,Government,35.94,372653,Hacker Group,Weak Passwords,VPN,60,96.4436084,Slow
India,2024,Phishing,Banking,64.23,903871,Nation-state,Unpatched Software,Encryption,17,71.0610253,Moderate
India,2015,Malware,Education,64.29,924049,Nation-state,Social Engineering,VPN,5,69.57423254,Fast
Australia,2020,Malware,Government,98.05,193983,Nation-state,Zero-day,Antivirus,31,505.4566637,Moderate
Russia,2021,Ransomware,Telecommunications,11.04,904330,Nation-state,Weak Passwords,VPN,49,12.20793294,Slow
India,2018,SQL Injection,Education,52.05,874254,Nation-state,Zero-day,Antivirus,11,59.53647338,Fast
Germany,2020,Man-in-the-Middle,Healthcare,28.81,691190,Nation-state,Unpatched Software,Firewall,27,41.68173729,Moderate
China,2024,DDoS,IT,61.42,412245,Nation-state,Social Engineering,Encryption,48,148.989072,Slow
France,2021,Man-in-the-Middle,Healthcare,53.77,302180,Insider,Weak Passwords,AI-based Detection,11,177.9403005,Fast
USA,2016,Ransomware,Government,8.21,537592,Nation-state,Social Engineering,Antivirus,11,15.27180464,Fast
Brazil,2022,SQL Injection,Retail,25.85,632061,Nation-state,Zero-day,Antivirus,2,40.89795131,Fast
Brazil,2015,DDoS,Retail,67.52,224815,Nation-state,Social Engineering,Firewall,32,300.3358317,Moderate
India,2022,DDoS,IT,23.91,169310,Unknown,Weak Passwords,Encryption,36,141.2202469,Moderate
Japan,2023,Man-in-the-Middle,Telecommunications,86.98,635827,Nation-state,Social Engineering,Encryption,72,136.7982171,Slow
UK,2022,Ransomware,IT,63.67,560021,Unknown,Zero-day,Encryption,43,113.6921651,Slow
Japan,2021,Man-in-the-Middle,Government,61.03,768506,Nation-state,Zero-day,AI-based Detection,11,79.4138237,Fast
Australia,2018,Phishing,Healthcare,39.94,755469,Hacker Group,Social Engineering,Antivirus,58,52.86782118,Slow
India,2022,Ransomware,Retail,74.05,205336,Hacker Group,Social Engineering,AI-based Detection,2,360.6284334,Fast
France,2020,DDoS,IT,7.52,957779,Nation-state,Social Engineering,Encryption,17,7.851498101,Moderate
UK,2017,Malware,Education,29.47,85644,Hacker Group,Social Engineering,AI-based Detection,3,344.0988277,Fast
France,2019,Man-in-the-Middle,Telecommunications,75.99,561713,Insider,Unpatched Software,Firewall,31,135.2826087,Moderate
Germany,2017,Phishing,Healthcare,53.57,287762,Insider,Weak Passwords,Encryption,13,186.1607856,Moderate
India,2015,Phishing,Healthcare,76.08,471550,Unknown,Zero-day,VPN,5,161.3402608,Fast
Japan,2018,SQL Injection,IT,69.19,33209,Insider,Unpatched Software,AI-based Detection,66,2083.471348,Slow
China,2017,Phishing,Retail,45.83,395251,Unknown,Unpatched Software,Encryption,33,115.9516358,Moderate
Germany,2019,DDoS,IT,14.77,491791,Hacker Group,Zero-day,Encryption,66,30.03308316,Slow
Australia,2016,Phishing,Healthcare,53.81,279874,Hacker Group,Unpatched Software,AI-based Detection,66,192.2650907,Slow
France,2019,Malware,IT,71.94,881326,Insider,Unpatched Software,Firewall,43,81.62700295,Slow
UK,2023,DDoS,IT,68.86,749700,Nation-state,Zero-day,AI-based Detection,35,91.85007336,Moderate
UK,2022,Phishing,Government,97.56,722445,Nation-state,Weak Passwords,Firewall,10,135.0414218,Fast
USA,2023,Ransomware,Government,84.13,695841,Nation-state,Zero-day,AI-based Detection,21,120.9040571,Moderate
USA,2020,SQL Injection,Government,40.95,803757,Hacker Group,Social Engineering,Firewall,33,50.94823435,Moderate
Japan,2022,DDoS,IT,20.16,174510,Insider,Zero-day,AI-based Detection,60,115.5234657,Slow
Germany,2022,SQL Injection,Retail,11.51,857660,Hacker Group,Zero-day,VPN,37,13.42023646,Slow
UK,2020,SQL Injection,Banking,47.67,729265,Unknown,Zero-day,Firewall,42,65.36718477,Slow
India,2023,Phishing,Retail,38.89,836604,Hacker Group,Unpatched Software,AI-based Detection,44,46.4855535,Slow
China,2016,Malware,Government,91.69,885843,Insider,Unpatched Software,AI-based Detection,46,103.505926,Slow
France,2015,Man-in-the-Middle,Education,17.94,808798,Unknown,Social Engineering,Encryption,60,22.18106375,Slow
Russia,2018,Man-in-the-Middle,Telecommunications,30.5,401208,Hacker Group,Unpatched Software,VPN,10,76.02041834,Fast
Japan,2021,Ransomware,Healthcare,77.33,380970,Nation-state,Weak Passwords,Encryption,44,202.9818621,Slow
USA,2021,Phishing,Healthcare,70.03,248437,Hacker Group,Social Engineering,Encryption,70,281.8823283,Slow
Australia,2024,SQL Injection,Retail,66.49,709125,Hacker Group,Weak Passwords,AI-based Detection,37,93.76344086,Slow
Japan,2018,Malware,Education,5.33,656250,Hacker Group,Social Engineering,Firewall,67,8.121904762,Slow
India,2020,Ransomware,Healthcare,10.46,32616,Unknown,Unpatched Software,Firewall,63,320.7014962,Slow
Australia,2017,Phishing,Healthcare,39.3,290846,Unknown,Weak Passwords,Firewall,3,135.1230548,Fast
India,2023,DDoS,Banking,23.83,557428,Insider,Unpatched Software,VPN,38,42.74991568,Slow
Japan,2015,DDoS,Banking,59.13,182440,Insider,Zero-day,Firewall,8,324.1065556,Fast
Australia,2021,DDoS,Government,30.24,292383,Insider,Social Engineering,Encryption,71,103.4259858,Slow
France,2017,DDoS,Government,86.82,99728,Nation-state,Unpatched Software,VPN,44,870.5679448,Slow
USA,2015,DDoS,IT,66.39,365006,Insider,Weak Passwords,VPN,47,181.887421,Slow
Russia,2019,Ransomware,Telecommunications,61.11,605427,Nation-state,Zero-day,Encryption,33,100.9370246,Moderate
USA,2022,Malware,Retail,7.65,864358,Hacker Group,Unpatched Software,VPN,11,8.850499446,Fast
USA,2016,Ransomware,Retail,9.82,610968,Unknown,Unpatched Software,Antivirus,26,16.07285488,Moderate
China,2016,DDoS,IT,67.28,413150,Hacker Group,Social Engineering,Firewall,27,162.8464238,Moderate
USA,2017,Malware,Education,13.14,681956,Nation-state,Social Engineering,Antivirus,35,19.26810527,Moderate
Australia,2016,Man-in-the-Middle,IT,84.46,94162,Unknown,Weak Passwords,Firewall,15,896.9648053,Moderate
France,2023,Man-in-the-Middle,Retail,9.43,565002,Hacker Group,Unpatched Software,Firewall,72,16.69020641,Slow
France,2017,Phishing,Retail,90.69,275185,Nation-state,Zero-day,Encryption,20,329.5601141,Moderate
Russia,2021,DDoS,Retail,37.47,476758,Hacker Group,Unpatched Software,AI-based Detection,19,78.59333247,Moderate
USA,2024,SQL Injection,Banking,7.2,312607,Hacker Group,Weak Passwords,Antivirus,24,23.0321138,Moderate
Russia,2017,Phishing,Banking,94.15,963192,Hacker Group,Weak Passwords,VPN,7,97.74790488,Fast
Australia,2015,Malware,Healthcare,42.15,680874,Unknown,Zero-day,Antivirus,8,61.90572705,Fast
France,2018,DDoS,Government,15.71,904770,Hacker Group,Social Engineering,Antivirus,4,17.36352885,Fast
USA,2022,SQL Injection,Government,98.46,429452,Hacker Group,Weak Passwords,Antivirus,6,229.2689288,Fast
USA,2018,Ransomware,Healthcare,51.71,858128,Hacker Group,Social Engineering,Antivirus,35,60.25907557,Moderate
China,2021,Malware,Education,42.26,615849,Nation-state,Unpatched Software,Encryption,44,68.62071709,Slow
UK,2019,Phishing,Education,99.45,467349,Nation-state,Zero-day,Firewall,44,212.7960047,Slow
France,2021,SQL Injection,Retail,63.74,235418,Nation-state,Weak Passwords,Encryption,28,270.7524488,Moderate
Australia,2017,SQL Injection,IT,5.05,823606,Insider,Weak Passwords,Encryption,25,6.131572621,Moderate
China,2020,SQL Injection,IT,89.38,923489,Nation-state,Unpatched Software,Firewall,66,96.78512684,Slow
USA,2024,Phishing,IT,58.57,630793,Hacker Group,Social Engineering,AI-based Detection,64,92.85137914,Slow
France,2015,SQL Injection,Education,65.83,691903,Unknown,Zero-day,VPN,54,95.14339438,Slow
UK,2019,Phishing,Government,79.79,133632,Hacker Group,Weak Passwords,Firewall,8,597.0875239,Fast
Australia,2017,Phishing,Banking,90.5,42278,Insider,Weak Passwords,AI-based Detection,45,2140.593216,Slow
Germany,2016,Phishing,IT,2.1,176471,Unknown,Zero-day,VPN,9,11.89997223,Fast
India,2015,SQL Injection,Telecommunications,63.72,916516,Hacker Group,Social Engineering,Encryption,68,69.52415452,Slow
Japan,2023,SQL Injection,Government,87.8,510002,Hacker Group,Social Engineering,Firewall,62,172.1561876,Slow
UK,2015,Malware,IT,82.45,435994,Nation-state,Unpatched Software,Encryption,51,189.108107,Slow
India,2016,Ransomware,IT,66.19,537670,Hacker Group,Unpatched Software,Encryption,55,123.1052504,Slow
Russia,2022,Malware,Banking,39.62,850339,Hacker Group,Social Engineering,Firewall,50,46.59318225,Slow
Japan,2021,DDoS,Government,35.46,937562,Unknown,Zero-day,Firewall,10,37.82149874,Fast
France,2020,Malware,Government,10.62,405267,Nation-state,Unpatched Software,AI-based Detection,5,26.20494637,Fast
China,2022,DDoS,Government,80.76,346279,Unknown,Zero-day,Encryption,59,233.2223438,Slow
Brazil,2016,DDoS,Telecommunications,10.45,889928,Nation-state,Zero-day,Encryption,63,11.74252299,Slow
France,2018,SQL Injection,Healthcare,0.95,376206,Unknown,Unpatched Software,Antivirus,44,2.525212251,Slow
India,2018,Ransomware,IT,27.14,227433,Unknown,Unpatched Software,Antivirus,13,119.3318472,Moderate
Germany,2023,Ransomware,Healthcare,54.79,393779,Nation-state,Weak Passwords,Encryption,39,139.1389587,Slow
Russia,2022,Ransomware,IT,41.08,529025,Insider,Unpatched Software,AI-based Detection,42,77.65228486,Slow
Brazil,2024,Man-in-the-Middle,Education,8.94,451311,Unknown,Weak Passwords,Encryption,14,19.80895657,Moderate
India,2017,Ransomware,Education,98.11,677198,Unknown,Social Engineering,VPN,28,144.8763877,Moderate
Russia,2024,Man-in-the-Middle,Healthcare,9.4,480988,Nation-state,Unpatched Software,Encryption,59,19.5431071,Slow
Australia,2015,Ransomware,Telecommunications,46.39,605536,Nation-state,Unpatched Software,VPN,61,76.60981345,Slow
Brazil,2018,Ransomware,Banking,30.61,910960,Nation-state,Social Engineering,Antivirus,31,33.60191446,Moderate
China,2018,Ransomware,Banking,43.98,386308,Nation-state,Weak Passwords,Antivirus,3,113.8469822,Fast
Australia,2017,Man-in-the-Middle,Banking,54.38,100855,Unknown,Social Engineering,VPN,2,539.1899261,Fast
China,2023,Malware,Education,23.74,317922,Insider,Social Engineering,Antivirus,18,74.67240392,Moderate
USA,2018,DDoS,IT,82.13,220618,Unknown,Weak Passwords,Firewall,59,372.2724347,Slow
India,2015,Ransomware,Telecommunications,24.7,825941,Hacker Group,Unpatched Software,VPN,54,29.90528379,Slow
China,2022,Malware,Education,60.9,331234,Unknown,Social Engineering,Antivirus,3,183.8579373,Fast
China,2020,Man-in-the-Middle,Telecommunications,14.61,855055,Hacker Group,Unpatched Software,Antivirus,59,17.08662016,Slow
Japan,2022,DDoS,Telecommunications,34.31,305329,Unknown,Unpatched Software,Firewall,40,112.3705904,Slow
Japan,2020,Phishing,Government,32.39,442923,Nation-state,Social Engineering,Encryption,57,73.12783486,Slow
UK,2015,Ransomware,Banking,79.3,893277,Unknown,Social Engineering,Firewall,15,88.77425479,Moderate
China,2020,Malware,Healthcare,30.86,240532,Insider,Weak Passwords,Encryption,64,128.2989374,Slow
USA,2016,DDoS,Healthcare,93.14,947960,Nation-state,Weak Passwords,Firewall,55,98.25309085,Slow
Brazil,2018,Malware,Healthcare,52.87,437283,Insider,Zero-day,Antivirus,30,120.9056835,Moderate
China,2019,Malware,Healthcare,29.61,761390,Insider,Weak Passwords,Antivirus,7,38.88939965,Fast
France,2019,Phishing,Retail,25.75,998507,Insider,Weak Passwords,AI-based Detection,15,25.78850223,Moderate
India,2017,DDoS,Retail,82.17,593329,Hacker Group,Unpatched Software,AI-based Detection,62,138.4897755,Slow
UK,2019,Phishing,Banking,60.07,197590,Insider,Zero-day,Encryption,62,304.013361,Slow
Japan,2017,Ransomware,Banking,50.75,53111,Hacker Group,Social Engineering,Antivirus,15,955.5459321,Moderate
Australia,2017,Phishing,Retail,14.88,69641,Hacker Group,Unpatched Software,Firewall,54,213.6672363,Slow
Germany,2022,DDoS,IT,73.98,953770,Insider,Weak Passwords,Firewall,54,77.56587018,Slow
Japan,2023,SQL Injection,Retail,42.33,643549,Nation-state,Weak Passwords,VPN,20,65.77587721,Moderate
Brazil,2022,Man-in-the-Middle,Education,77.98,899279,Insider,Zero-day,Firewall,39,86.71391192,Slow
India,2016,Ransomware,Education,8.55,857887,Unknown,Social Engineering,Firewall,44,9.966347549,Slow
Russia,2016,Phishing,Government,30.57,503775,Unknown,Zero-day,VPN,71,60.68185202,Slow
Japan,2015,SQL Injection,IT,36.98,452892,Unknown,Weak Passwords,VPN,17,81.65302103,Moderate
Russia,2018,Ransomware,Healthcare,24.06,327566,Unknown,Unpatched Software,AI-based Detection,6,73.45084655,Fast
Australia,2018,Ransomware,Education,50.66,851204,Insider,Zero-day,Firewall,3,59.51569776,Fast
UK,2017,Man-in-the-Middle,Government,79.27,923309,Hacker Group,Unpatched Software,Firewall,29,85.85424814,Moderate
Brazil,2023,Phishing,Banking,71.86,151590,Nation-state,Zero-day,Antivirus,30,474.0418233,Moderate
UK,2022,DDoS,Education,21.01,452432,Nation-state,Unpatched Software,Firewall,8,46.43791774,Fast
Japan,2015,Ransomware,Retail,95.38,769596,Nation-state,Weak Passwords,VPN,65,123.9351556,Slow
Germany,2022,Phishing,Banking,14.79,407151,Unknown,Weak Passwords,Antivirus,37,36.32558928,Slow
Brazil,2023,DDoS,IT,45.97,312555,Nation-state,Social Engineering,AI-based Detection,67,147.0781143,Slow
Brazil,2019,Man-in-the-Middle,Government,76.39,311908,Unknown,Weak Passwords,Encryption,68,244.9119612,Slow
China,2018,Malware,Banking,68.55,59979,Insider,Zero-day,Firewall,41,1142.900015,Slow
Japan,2019,Malware,IT,9.86,233545,Unknown,Zero-day,Antivirus,55,42.21884433,Slow
France,2020,Man-in-the-Middle,Retail,89.85,722081,Hacker Group,Zero-day,VPN,33,124.4320236,Moderate
Russia,2024,SQL Injection,Healthcare,76.99,873037,Nation-state,Unpatched Software,Antivirus,31,88.18641134,Moderate
India,2022,Malware,IT,12.08,482213,Nation-state,Social Engineering,AI-based Detection,3,25.05117033,Fast
India,2020,Phishing,Education,39.72,512850,Hacker Group,Zero-day,Antivirus,15,77.44954665,Moderate
China,2023,Man-in-the-Middle,Telecommunications,37.73,849834,Hacker Group,Zero-day,AI-based Detection,56,44.39690575,Slow
Brazil,2022,Malware,Retail,78.03,660707,Insider,Unpatched Software,Firewall,11,118.1007618,Fast
USA,2021,Ransomware,Education,6.77,697935,Unknown,Social Engineering,AI-based Detection,16,9.7000437,Moderate
Russia,2019,Malware,IT,71.92,500655,Nation-state,Zero-day,AI-based Detection,8,143.6518161,Fast
USA,2020,Ransomware,IT,95.79,239343,Nation-state,Zero-day,VPN,63,400.2206039,Slow
China,2023,Phishing,Retail,90.04,143728,Unknown,Zero-day,AI-based Detection,57,626.4610932,Slow
USA,2020,Phishing,Retail,99.64,464717,Insider,Weak Passwords,VPN,27,214.4100603,Moderate
Russia,2018,SQL Injection,Education,1.25,351063,Nation-state,Weak Passwords,Firewall,56,3.560614477,Slow
Australia,2015,DDoS,Government,13.96,479025,Nation-state,Zero-day,Antivirus,54,29.1425291,Slow
Germany,2021,DDoS,Banking,1.62,823004,Nation-state,Zero-day,Encryption,22,1.968398696,Moderate
Russia,2021,DDoS,Education,18.47,394957,Hacker Group,Weak Passwords,Antivirus,27,46.7645845,Moderate
France,2019,Phishing,Telecommunications,28.88,96640,Unknown,Social Engineering,Antivirus,60,298.8410596,Slow
Russia,2024,DDoS,Education,19.5,325634,Insider,Weak Passwords,Firewall,5,59.88318173,Fast
France,2023,SQL Injection,Government,29.63,662667,Hacker Group,Zero-day,VPN,30,44.71325719,Moderate
USA,2024,Phishing,IT,57.24,107681,Unknown,Zero-day,VPN,18,531.5701006,Moderate
Russia,2017,Phishing,Banking,3.2,982243,Insider,Zero-day,Encryption,6,3.257849636,Fast
Japan,2022,SQL Injection,Government,79.19,950425,Unknown,Social Engineering,Antivirus,54,83.32061972,Slow
Brazil,2017,Ransomware,Education,80.5,279808,Insider,Social Engineering,Antivirus,60,287.6972781,Slow
India,2024,SQL Injection,Telecommunications,71.2,190099,Unknown,Zero-day,AI-based Detection,15,374.5416862,Moderate
Brazil,2019,Malware,Government,12.04,713035,Nation-state,Social Engineering,AI-based Detection,59,16.88556663,Slow
Australia,2016,Malware,Retail,29.05,817347,Nation-state,Weak Passwords,Antivirus,68,35.54182006,Slow
Germany,2023,Ransomware,Healthcare,28.18,707214,Unknown,Weak Passwords,AI-based Detection,11,39.84649625,Fast
UK,2016,DDoS,Retail,39.26,668780,Hacker Group,Zero-day,Firewall,33,58.70390861,Moderate
Russia,2015,DDoS,Telecommunications,57.21,609196,Unknown,Social Engineering,VPN,4,93.91066258,Fast
USA,2021,Man-in-the-Middle,Telecommunications,83.88,980367,Nation-state,Unpatched Software,Firewall,3,85.55979546,Fast
Russia,2022,Man-in-the-Middle,IT,84.1,919858,Nation-state,Unpatched Software,Encryption,47,91.42715506,Slow
France,2017,DDoS,Healthcare,39.49,195459,Hacker Group,Weak Passwords,Encryption,14,202.0372559,Moderate
Russia,2015,Man-in-the-Middle,Government,46.76,713342,Unknown,Weak Passwords,Encryption,36,65.55060546,Moderate
UK,2019,DDoS,Banking,80.68,19007,Nation-state,Unpatched Software,VPN,29,4244.751933,Moderate
China,2022,Ransomware,Government,86.56,963091,Insider,Zero-day,VPN,37,89.87728055,Slow
UK,2017,Malware,Government,66.25,726887,Hacker Group,Social Engineering,Firewall,13,91.14208949,Moderate
Russia,2021,DDoS,IT,78.76,130413,Unknown,Social Engineering,Encryption,66,603.9275226,Slow
Germany,2017,Malware,Banking,97.68,906914,Hacker Group,Zero-day,AI-based Detection,15,107.7059126,Moderate
China,2020,Ransomware,IT,14.94,557218,Nation-state,Zero-day,Firewall,70,26.81176846,Slow
Russia,2018,SQL Injection,Banking,59.29,380543,Unknown,Weak Passwords,VPN,26,155.8036805,Moderate
UK,2022,Malware,Retail,39.55,337363,Insider,Social Engineering,VPN,2,117.232773,Fast
China,2018,DDoS,IT,14.04,803086,Nation-state,Social Engineering,VPN,23,17.48256102,Moderate
China,2024,Man-in-the-Middle,IT,63.79,195858,Hacker Group,Zero-day,Encryption,1,325.6951465,Fast
India,2019,Malware,Banking,37.03,358371,Insider,Weak Passwords,AI-based Detection,30,103.3286734,Moderate
Australia,2019,Phishing,Retail,9.12,212267,Insider,Zero-day,Antivirus,14,42.96475665,Moderate
France,2021,Man-in-the-Middle,Healthcare,52.04,757744,Nation-state,Zero-day,Antivirus,43,68.67754809,Slow
Japan,2017,Ransomware,Retail,59.13,747705,Insider,Unpatched Software,VPN,47,79.08199089,Slow
USA,2024,Phishing,Telecommunications,64.67,996651,Hacker Group,Weak Passwords,Encryption,69,64.88730759,Slow
UK,2015,Ransomware,Government,52.78,281905,Insider,Social Engineering,VPN,32,187.2261932,Moderate
Brazil,2019,Man-in-the-Middle,Healthcare,7.44,739981,Unknown,Social Engineering,Antivirus,54,10.05431221,Slow
France,2016,SQL Injection,Telecommunications,47.19,554448,Hacker Group,Social Engineering,Antivirus,31,85.11167864,Moderate
USA,2016,Ransomware,Healthcare,99.19,745103,Insider,Unpatched Software,Encryption,8,133.1225347,Fast
India,2015,DDoS,Healthcare,10.94,600279,Insider,Unpatched Software,AI-based Detection,16,18.22485877,Moderate
Russia,2016,Man-in-the-Middle,IT,48.86,973654,Unknown,Unpatched Software,Encryption,23,50.18209754,Moderate
China,2016,DDoS,Telecommunications,80.48,78123,Hacker Group,Social Engineering,Antivirus,50,1030.170372,Slow
UK,2015,Man-in-the-Middle,Government,69.96,675955,Insider,Zero-day,Antivirus,60,103.4980139,Slow
China,2016,DDoS,IT,18.96,122866,Insider,Unpatched Software,VPN,46,154.3144564,Slow
Russia,2018,Ransomware,Education,66.33,177570,Nation-state,Social Engineering,Encryption,72,373.5428282,Slow
France,2024,Man-in-the-Middle,Retail,60.4,774913,Unknown,Unpatched Software,Antivirus,43,77.94423374,Slow
China,2024,Phishing,IT,24.92,852327,Unknown,Zero-day,VPN,44,29.23760482,Slow
Australia,2019,DDoS,IT,32.06,775033,Hacker Group,Zero-day,Antivirus,8,41.36598055,Fast
China,2022,Phishing,Telecommunications,71.77,823093,Insider,Zero-day,Firewall,36,87.1954931,Moderate
France,2018,Phishing,Government,70.59,947445,Insider,Social Engineering,Encryption,59,74.50564413,Slow
Japan,2018,DDoS,IT,75.34,972713,Unknown,Unpatched Software,Encryption,71,77.45347292,Slow
France,2023,Malware,Banking,9.99,116840,Unknown,Zero-day,Firewall,51,85.50154057,Slow
USA,2021,Ransomware,Telecommunications,91.94,710953,Unknown,Zero-day,Firewall,9,129.3193784,Fast
Russia,2015,DDoS,IT,66.09,467190,Nation-state,Social Engineering,AI-based Detection,25,141.4627882,Moderate
Germany,2024,Phishing,Healthcare,66.73,540773,Unknown,Unpatched Software,VPN,15,123.3974329,Moderate
Australia,2018,SQL Injection,Banking,40.11,874040,Unknown,Social Engineering,Firewall,6,45.89034827,Fast
Australia,2022,SQL Injection,Healthcare,60.71,8498,Nation-state,Weak Passwords,VPN,17,7144.03389,Moderate
USA,2016,DDoS,IT,18.48,112881,Hacker Group,Social Engineering,VPN,32,163.7122279,Moderate
Japan,2018,DDoS,IT,9.9,942725,Insider,Zero-day,VPN,56,10.5014718,Slow
France,2024,Phishing,Education,52.03,168684,Nation-state,Unpatched Software,VPN,27,308.4465628,Moderate
Japan,2018,DDoS,Telecommunications,25.06,559274,Hacker Group,Social Engineering,Firewall,27,44.80809049,Moderate
UK,2016,Phishing,Retail,13.68,144856,Unknown,Unpatched Software,Antivirus,13,94.4386149,Moderate
Japan,2015,Malware,Banking,2.63,418914,Nation-state,Unpatched Software,Firewall,53,6.278138234,Slow
Brazil,2024,Phishing,Retail,88.47,842945,Hacker Group,Weak Passwords,Firewall,67,104.9534667,Slow
UK,2022,DDoS,Government,50.04,841198,Unknown,Zero-day,VPN,41,59.48658936,Slow
Germany,2024,Phishing,Government,19.52,50054,Insider,Unpatched Software,Antivirus,24,389.9788229,Moderate
Brazil,2020,DDoS,Telecommunications,4.52,52302,Unknown,Social Engineering,VPN,58,86.42116936,Slow
India,2015,Man-in-the-Middle,Banking,97.28,694308,Nation-state,Weak Passwords,VPN,66,140.110729,Slow
China,2019,Malware,Telecommunications,62.67,520232,Nation-state,Weak Passwords,Encryption,53,120.4654846,Slow
Germany,2018,SQL Injection,Retail,46.34,575379,Unknown,Zero-day,AI-based Detection,35,80.53821916,Moderate
Russia,2023,Man-in-the-Middle,IT,26.45,850714,Hacker Group,Unpatched Software,Encryption,6,31.09153017,Fast
Germany,2023,SQL Injection,Healthcare,14.12,403325,Hacker Group,Weak Passwords,AI-based Detection,35,35.00898779,Moderate
Brazil,2022,Phishing,Education,80.99,345577,Insider,Unpatched Software,Encryption,4,234.3616618,Fast
Australia,2017,Man-in-the-Middle,IT,30.51,428352,Hacker Group,Unpatched Software,Firewall,41,71.22646795,Slow
Brazil,2023,Phishing,Banking,69.45,852592,Nation-state,Zero-day,AI-based Detection,12,81.45748494,Fast
USA,2019,SQL Injection,Education,78.12,36804,Unknown,Weak Passwords,VPN,30,2122.59537,Moderate
Brazil,2020,Phishing,Telecommunications,92.63,725707,Hacker Group,Weak Passwords,AI-based Detection,9,127.6410452,Fast
Australia,2017,Man-in-the-Middle,Telecommunications,35.27,765929,Nation-state,Weak Passwords,Firewall,16,46.04865464,Moderate
Russia,2017,Man-in-the-Middle,Retail,17.22,242574,Nation-state,Social Engineering,Encryption,59,70.98864676,Slow
USA,2021,SQL Injection,Education,45.52,838652,Unknown,Social Engineering,Encryption,20,54.27757878,Moderate
Japan,2018,DDoS,Telecommunications,99.04,389405,Nation-state,Weak Passwords,Antivirus,53,254.3367445,Slow
Russia,2022,Phishing,Telecommunications,56.44,359577,Unknown,Zero-day,Encryption,38,156.9622084,Slow
India,2022,Man-in-the-Middle,Telecommunications,73.24,943689,Insider,Zero-day,Firewall,32,77.61031442,Moderate
Brazil,2024,SQL Injection,Education,14.69,783795,Insider,Weak Passwords,AI-based Detection,43,18.74214559,Slow
Germany,2017,DDoS,Healthcare,72.05,263506,Insider,Zero-day,Encryption,49,273.428309,Slow
Australia,2020,DDoS,Telecommunications,20.59,457184,Insider,Social Engineering,VPN,11,45.03657171,Fast
India,2019,SQL Injection,Banking,68.44,186842,Nation-state,Zero-day,VPN,40,366.2987979,Slow
UK,2018,DDoS,Banking,8.81,198929,Nation-state,Weak Passwords,AI-based Detection,41,44.28715773,Slow
Japan,2018,SQL Injection,Retail,51.58,65700,Hacker Group,Zero-day,Encryption,28,785.0837139,Moderate
Brazil,2021,Phishing,Telecommunications,83.79,90156,Hacker Group,Unpatched Software,Antivirus,65,929.389059,Slow
Australia,2015,DDoS,Telecommunications,14.55,470471,Nation-state,Unpatched Software,VPN,53,30.92645455,Slow
China,2021,Malware,Retail,20.52,33426,Unknown,Social Engineering,Antivirus,16,613.8933764,Moderate
Russia,2024,Malware,Education,83.29,143037,Insider,Unpatched Software,Firewall,47,582.2968882,Slow
Germany,2022,Ransomware,Telecommunications,79.77,151930,Unknown,Zero-day,Encryption,4,525.0444284,Fast
China,2018,Malware,Education,97.2,499651,Nation-state,Zero-day,Encryption,50,194.535786,Slow
Brazil,2017,DDoS,Education,41.63,249211,Insider,Zero-day,AI-based Detection,59,167.047201,Slow
Germany,2024,SQL Injection,IT,1.01,470074,Insider,Weak Passwords,Encryption,9,2.14859788,Fast
Japan,2015,Phishing,Banking,87.5,429920,Nation-state,Zero-day,Encryption,37,203.5262374,Slow
Australia,2019,SQL Injection,Healthcare,0.75,269314,Unknown,Social Engineering,VPN,64,2.784853368,Slow
UK,2019,Man-in-the-Middle,Healthcare,37.16,696199,Nation-state,Weak Passwords,Encryption,42,53.37554349,Slow
Russia,2020,Phishing,Banking,98.38,355505,Nation-state,Unpatched Software,AI-based Detection,35,276.733098,Moderate
Australia,2023,DDoS,IT,55.94,890234,Nation-state,Unpatched Software,VPN,53,62.83741129,Slow
Brazil,2019,Ransomware,Telecommunications,23.63,581616,Insider,Social Engineering,Encryption,1,40.62818079,Fast
China,2021,SQL Injection,IT,39.44,155768,Nation-state,Social Engineering,AI-based Detection,19,253.1970623,Moderate
Australia,2024,Malware,Telecommunications,83.69,824298,Nation-state,Unpatched Software,Firewall,4,101.528816,Fast
UK,2018,Malware,Government,28.88,212533,Insider,Unpatched Software,Antivirus,71,135.8847802,Slow
Brazil,2019,Ransomware,Banking,10.1,47737,Hacker Group,Social Engineering,Encryption,69,211.5759264,Slow
Brazil,2018,Man-in-the-Middle,IT,47.01,940513,Unknown,Unpatched Software,Encryption,10,49.98336014,Fast
Russia,2021,Man-in-the-Middle,Banking,18.66,292992,Insider,Zero-day,Encryption,15,63.68774574,Moderate
Germany,2024,Malware,Telecommunications,79.72,639779,Nation-state,Zero-day,Antivirus,6,124.6055278,Fast
Australia,2019,DDoS,Banking,29.85,949862,Hacker Group,Weak Passwords,Firewall,25,31.42561762,Moderate
USA,2021,Phishing,Healthcare,0.92,260396,Hacker Group,Zero-day,Antivirus,16,3.533080385,Moderate
Australia,2024,Phishing,IT,92.48,215376,Nation-state,Social Engineering,Firewall,18,429.3886041,Moderate
France,2016,DDoS,Telecommunications,20.09,689397,Insider,Social Engineering,AI-based Detection,68,29.14140909,Slow
Brazil,2016,SQL Injection,Education,16.24,238092,Nation-state,Zero-day,AI-based Detection,32,68.20892764,Moderate
India,2019,Phishing,Banking,18.42,289539,Nation-state,Unpatched Software,Antivirus,27,63.61837265,Moderate
Russia,2020,DDoS,Healthcare,49.02,382327,Insider,Zero-day,VPN,30,128.2148527,Moderate
Australia,2018,Phishing,Government,12.43,605810,Unknown,Zero-day,Firewall,41,20.51798419,Slow
Australia,2019,DDoS,Banking,1.27,588345,Insider,Unpatched Software,Firewall,49,2.158597422,Slow
UK,2019,Phishing,Government,21.58,831367,Insider,Social Engineering,Antivirus,55,25.95724872,Slow
Brazil,2019,Man-in-the-Middle,Banking,14.64,880671,Hacker Group,Social Engineering,Firewall,66,16.62368807,Slow
France,2023,DDoS,Retail,92.32,418211,Insider,Unpatched Software,Encryption,39,220.7498129,Slow
France,2022,Man-in-the-Middle,Retail,31.4,264380,Insider,Zero-day,VPN,37,118.7684394,Slow
Brazil,2017,Phishing,Banking,9.25,437974,Hacker Group,Zero-day,Encryption,20,21.11997516,Moderate
India,2021,Phishing,IT,37.1,713949,Hacker Group,Unpatched Software,Antivirus,71,51.96449606,Slow
USA,2022,SQL Injection,IT,8.5,523164,Hacker Group,Weak Passwords,AI-based Detection,30,16.2472953,Moderate
UK,2015,DDoS,Telecommunications,85.23,193852,Insider,Zero-day,VPN,54,439.6653117,Slow
UK,2024,DDoS,Retail,14.09,655640,Nation-state,Zero-day,Firewall,61,21.49045208,Slow
France,2021,Phishing,IT,76.02,573328,Insider,Zero-day,AI-based Detection,10,132.5942567,Fast
UK,2019,Malware,Government,46.27,798717,Hacker Group,Social Engineering,Encryption,10,57.93040589,Fast
Brazil,2019,DDoS,Telecommunications,59.86,899413,Nation-state,Weak Passwords,Encryption,11,66.55451945,Fast
France,2017,SQL Injection,Healthcare,18.75,436009,Nation-state,Social Engineering,AI-based Detection,44,43.00369946,Slow
UK,2020,SQL Injection,Retail,56.3,142291,Nation-state,Weak Passwords,VPN,29,395.6680324,Moderate
Germany,2019,Man-in-the-Middle,Government,64.8,276197,Unknown,Zero-day,Firewall,2,234.6151479,Fast
Russia,2020,Ransomware,IT,33.61,807918,Hacker Group,Social Engineering,Antivirus,37,41.60075651,Slow
France,2021,Man-in-the-Middle,Telecommunications,90.99,483484,Hacker Group,Unpatched Software,VPN,2,188.196507,Fast
Russia,2015,Ransomware,IT,41.79,7290,Insider,Weak Passwords,AI-based Detection,32,5732.510288,Moderate
India,2022,DDoS,IT,38.69,333967,Insider,Zero-day,Firewall,26,115.8497696,Moderate
China,2020,Man-in-the-Middle,Education,84.4,840118,Hacker Group,Zero-day,Encryption,58,100.4620779,Slow
USA,2024,Malware,Healthcare,69.46,187312,Nation-state,Zero-day,VPN,58,370.8251473,Slow
Brazil,2024,DDoS,IT,34.46,470727,Unknown,Weak Passwords,Firewall,8,73.20591341,Fast
India,2023,Malware,Education,95.97,629490,Hacker Group,Zero-day,VPN,38,152.4567507,Slow
France,2021,SQL Injection,Government,98.76,904598,Hacker Group,Social Engineering,AI-based Detection,11,109.1755675,Fast
USA,2017,Ransomware,Education,12.59,820632,Unknown,Social Engineering,AI-based Detection,65,15.3418341,Slow
Japan,2019,DDoS,Retail,78.78,214152,Insider,Weak Passwords,Firewall,7,367.8695506,Fast
Australia,2024,DDoS,Banking,21.11,18766,Insider,Weak Passwords,Firewall,43,1124.906746,Slow
France,2020,Malware,Banking,50.19,760230,Nation-state,Zero-day,VPN,56,66.0194941,Slow
India,2021,Ransomware,Healthcare,76.83,603402,Insider,Zero-day,AI-based Detection,57,127.32805,Slow
France,2020,Man-in-the-Middle,Healthcare,17.49,693907,Hacker Group,Zero-day,AI-based Detection,54,25.20510674,Slow
Brazil,2017,SQL Injection,Banking,66.78,698892,Unknown,Zero-day,AI-based Detection,24,95.55124397,Moderate
UK,2015,Phishing,IT,24.17,64082,Unknown,Social Engineering,Antivirus,16,377.1729971,Moderate
USA,2022,Ransomware,IT,38.84,687052,Nation-state,Unpatched Software,Encryption,34,56.53138336,Moderate
Russia,2018,Phishing,Government,14.98,417488,Hacker Group,Weak Passwords,Encryption,23,35.88127084,Moderate
Germany,2020,Ransomware,Telecommunications,15.14,970038,Nation-state,Zero-day,Firewall,47,15.60763599,Slow
Japan,2016,SQL Injection,Government,10.4,240441,Unknown,Zero-day,Antivirus,17,43.25385438,Moderate
India,2020,Man-in-the-Middle,Banking,59.67,747418,Insider,Unpatched Software,VPN,20,79.83484476,Moderate
Japan,2019,Malware,Retail,36.66,977185,Insider,Social Engineering,Antivirus,71,37.51592585,Slow
India,2019,Malware,Retail,58.98,267401,Unknown,Zero-day,Firewall,20,220.5676119,Moderate
Germany,2022,Ransomware,Retail,19.47,496271,Hacker Group,Unpatched Software,AI-based Detection,20,39.23259671,Moderate
France,2015,Phishing,Banking,64.62,104619,Insider,Unpatched Software,Antivirus,68,617.6698305,Slow
Russia,2024,Ransomware,Healthcare,98.25,877571,Insider,Weak Passwords,Antivirus,19,111.9567534,Moderate
Japan,2020,Ransomware,Healthcare,41.88,93314,Hacker Group,Unpatched Software,VPN,24,448.8072529,Moderate
Brazil,2020,DDoS,Government,13.22,790415,Hacker Group,Zero-day,Encryption,52,16.72539109,Slow
Germany,2020,Ransomware,IT,54.65,107180,Nation-state,Zero-day,Antivirus,68,509.8899048,Slow
Japan,2018,Phishing,IT,72.01,401960,Nation-state,Unpatched Software,VPN,44,179.1471788,Slow
USA,2020,Ransomware,Telecommunications,93.89,602474,Unknown,Social Engineering,VPN,71,155.84075,Slow
Australia,2024,Phishing,Education,18.64,701144,Hacker Group,Unpatched Software,Antivirus,41,26.58512374,Slow
UK,2024,Malware,Education,64.05,116714,Insider,Social Engineering,Encryption,37,548.7773532,Slow
France,2016,Man-in-the-Middle,IT,41.79,453408,Nation-state,Social Engineering,VPN,8,92.16864281,Fast
UK,2022,Phishing,Retail,13.37,40843,Unknown,Weak Passwords,Encryption,66,327.3510761,Slow
Australia,2015,Man-in-the-Middle,Healthcare,1.62,336650,Hacker Group,Zero-day,VPN,35,4.812119412,Moderate
China,2017,Phishing,Healthcare,92.64,911233,Hacker Group,Weak Passwords,AI-based Detection,18,101.6644481,Moderate
Brazil,2023,Ransomware,Telecommunications,32.18,812908,Hacker Group,Weak Passwords,Antivirus,12,39.58627545,Fast
China,2019,SQL Injection,Education,64.26,796878,Nation-state,Zero-day,Antivirus,26,80.63969642,Moderate
Japan,2023,Man-in-the-Middle,Government,81.57,738014,Unknown,Social Engineering,Antivirus,24,110.5263586,Moderate
USA,2021,DDoS,Education,87.32,315915,Nation-state,Social Engineering,Antivirus,52,276.403463,Slow
China,2022,Ransomware,Education,70.44,164734,Nation-state,Unpatched Software,Firewall,7,427.5984314,Fast
India,2024,Man-in-the-Middle,IT,1.75,617939,Unknown,Zero-day,Firewall,22,2.831994744,Moderate
Germany,2021,Phishing,Healthcare,96.81,374164,Hacker Group,Weak Passwords,Antivirus,53,258.7368106,Slow
USA,2020,Phishing,Banking,74.51,332766,Hacker Group,Weak Passwords,Antivirus,53,223.9110967,Slow
Brazil,2018,Phishing,Healthcare,2.52,414899,Unknown,Weak Passwords,Encryption,37,6.073767351,Slow
Brazil,2017,DDoS,Retail,81.63,140371,Hacker Group,Zero-day,Encryption,13,581.5303731,Moderate
Australia,2019,Ransomware,Education,43.53,729109,Insider,Weak Passwords,VPN,22,59.70300737,Moderate
UK,2020,DDoS,Education,84.28,776200,Unknown,Weak Passwords,Encryption,49,108.5802628,Slow
Russia,2019,Phishing,Healthcare,17.6,839921,Unknown,Zero-day,Antivirus,5,20.95435166,Fast
France,2019,Malware,Education,31.35,312314,Unknown,Social Engineering,AI-based Detection,35,100.379746,Moderate
Australia,2024,Man-in-the-Middle,Healthcare,65.72,299613,Hacker Group,Zero-day,Firewall,20,219.3496277,Moderate
India,2016,Phishing,Banking,43.81,250482,Insider,Weak Passwords,VPN,20,174.9027874,Moderate
Brazil,2021,DDoS,Banking,84.41,230110,Unknown,Social Engineering,Antivirus,51,366.8245622,Slow
Australia,2015,SQL Injection,Retail,55.78,852650,Nation-state,Social Engineering,AI-based Detection,50,65.41957427,Slow
Germany,2024,DDoS,Telecommunications,67.47,337890,Unknown,Weak Passwords,Antivirus,35,199.6803694,Moderate
Japan,2016,Malware,Education,8.08,557108,Nation-state,Zero-day,Firewall,17,14.5034715,Moderate
Australia,2022,DDoS,Telecommunications,46.2,299968,Insider,Zero-day,Antivirus,46,154.0164284,Slow
China,2022,Phishing,Telecommunications,72.06,459296,Nation-state,Weak Passwords,AI-based Detection,13,156.8922873,Moderate
India,2019,Ransomware,Telecommunications,90.48,46972,Nation-state,Social Engineering,VPN,23,1926.253939,Moderate
UK,2022,Malware,Healthcare,21.26,602041,Hacker Group,Unpatched Software,AI-based Detection,25,35.31320957,Moderate
Japan,2016,Phishing,Banking,82.93,36797,Insider,Unpatched Software,VPN,2,2253.716336,Fast
China,2021,SQL Injection,Healthcare,23.15,730762,Insider,Social Engineering,VPN,19,31.67926083,Moderate
Russia,2016,Malware,Government,66.19,91194,Hacker Group,Unpatched Software,Encryption,72,725.8152949,Slow
India,2015,SQL Injection,Banking,95.81,42883,Unknown,Zero-day,Encryption,37,2234.218688,Slow
UK,2024,SQL Injection,Retail,48.33,422592,Nation-state,Unpatched Software,VPN,37,114.3656293,Slow
India,2015,Man-in-the-Middle,Healthcare,29.54,837320,Unknown,Social Engineering,VPN,14,35.27922419,Moderate
USA,2020,Phishing,Banking,44.08,708034,Unknown,Zero-day,AI-based Detection,39,62.25689727,Slow
Japan,2024,Phishing,IT,91.71,47841,Hacker Group,Weak Passwords,Antivirus,23,1916.97498,Moderate
Japan,2015,SQL Injection,Banking,73.94,274703,Nation-state,Social Engineering,Encryption,6,269.1634238,Fast
Australia,2021,Malware,Healthcare,10.35,776819,Insider,Unpatched Software,VPN,64,13.32356701,Slow
Germany,2019,Man-in-the-Middle,IT,89.6,544648,Unknown,Weak Passwords,Antivirus,47,164.509922,Slow
China,2024,Man-in-the-Middle,Government,11.99,735203,Insider,Zero-day,VPN,66,16.30842094,Slow
India,2018,SQL Injection,Education,77.02,424342,Unknown,Social Engineering,Antivirus,57,181.5045411,Slow
Russia,2018,Malware,Retail,78.82,155353,Unknown,Weak Passwords,VPN,67,507.3606561,Slow
Germany,2020,DDoS,Banking,64.64,735855,Insider,Unpatched Software,Firewall,23,87.84339306,Moderate
France,2016,Man-in-the-Middle,IT,11.91,765453,Unknown,Social Engineering,Antivirus,39,15.55941384,Slow
Japan,2024,SQL Injection,Education,82.52,788243,Insider,Social Engineering,VPN,38,104.6885288,Slow
Germany,2017,Phishing,Banking,69.85,253058,Hacker Group,Social Engineering,Encryption,44,276.0236784,Slow
Australia,2022,Phishing,Healthcare,80.11,537530,Nation-state,Zero-day,Encryption,14,149.0335423,Moderate
China,2023,SQL Injection,Banking,2.46,95779,Nation-state,Zero-day,VPN,43,25.684127,Slow
France,2024,Phishing,Healthcare,59.79,906160,Unknown,Zero-day,VPN,48,65.98172508,Slow
Russia,2019,Ransomware,Education,11.06,490910,Insider,Zero-day,AI-based Detection,58,22.52958791,Slow
UK,2020,SQL Injection,Banking,73.69,522097,Hacker Group,Weak Passwords,VPN,63,141.1423548,Slow
Germany,2016,Man-in-the-Middle,Retail,53.57,218143,Nation-state,Unpatched Software,Encryption,27,245.5728582,Moderate
Germany,2018,Malware,IT,30.2,667023,Unknown,Zero-day,Antivirus,26,45.27580008,Moderate
Australia,2023,Malware,Education,67.23,362308,Unknown,Social Engineering,AI-based Detection,5,185.560352,Fast
Russia,2023,DDoS,IT,86.81,717258,Insider,Unpatched Software,Firewall,16,121.0303684,Moderate
Brazil,2018,Man-in-the-Middle,Retail,76.39,984,Insider,Unpatched Software,Firewall,56,77632.11382,Slow
Russia,2023,DDoS,Telecommunications,96.61,956064,Insider,Weak Passwords,Antivirus,45,101.0497205,Slow
Australia,2024,Malware,Retail,64.3,891367,Nation-state,Social Engineering,Firewall,21,72.13639275,Moderate
China,2019,Man-in-the-Middle,IT,79.33,842637,Nation-state,Unpatched Software,AI-based Detection,55,94.14492836,Slow
USA,2015,DDoS,IT,45.91,772018,Hacker Group,Weak Passwords,Encryption,46,59.46752537,Slow
Australia,2022,Malware,IT,41.67,945897,Insider,Weak Passwords,Firewall,66,44.05342231,Slow
Germany,2018,SQL Injection,Banking,81.33,508544,Insider,Unpatched Software,VPN,45,159.9271646,Slow
Australia,2021,Ransomware,Healthcare,91.8,125309,Unknown,Social Engineering,Antivirus,13,732.5890399,Moderate
UK,2024,Man-in-the-Middle,IT,3.69,529410,Insider,Zero-day,Firewall,59,6.970023233,Slow
Australia,2018,Phishing,Education,24.25,665381,Insider,Unpatched Software,AI-based Detection,61,36.44528473,Slow
Japan,2019,Man-in-the-Middle,Telecommunications,89.5,163110,Nation-state,Zero-day,Encryption,35,548.7094599,Moderate
Russia,2019,Ransomware,IT,60.24,354784,Hacker Group,Social Engineering,AI-based Detection,65,169.7934518,Slow
Germany,2022,Ransomware,Education,7.65,643306,Hacker Group,Zero-day,Encryption,50,11.89169695,Slow
Australia,2016,Malware,Telecommunications,44.93,23249,Insider,Social Engineering,Firewall,1,1932.556239,Fast
USA,2015,SQL Injection,Retail,26.98,763017,Insider,Social Engineering,Firewall,24,35.35963157,Moderate
Russia,2015,Ransomware,Retail,84.08,71334,Unknown,Unpatched Software,AI-based Detection,26,1178.680573,Moderate
Australia,2019,SQL Injection,Government,99.2,605470,Nation-state,Unpatched Software,Encryption,18,163.8396618,Moderate
India,2023,SQL Injection,Government,40.63,356387,Nation-state,Zero-day,Antivirus,11,114.0052808,Fast
China,2023,Malware,IT,11.89,260907,Insider,Weak Passwords,AI-based Detection,31,45.57179378,Moderate
Japan,2019,Man-in-the-Middle,IT,73.71,560693,Hacker Group,Weak Passwords,Firewall,1,131.4623154,Fast
Brazil,2015,Phishing,IT,16.44,82841,Insider,Social Engineering,Encryption,36,198.4524571,Moderate
Russia,2021,Malware,Government,51.05,262500,Nation-state,Social Engineering,AI-based Detection,27,194.4761905,Moderate
UK,2023,Malware,IT,49.13,116201,Nation-state,Zero-day,Firewall,14,422.8018692,Moderate
China,2016,Phishing,IT,17.06,44473,Unknown,Weak Passwords,VPN,67,383.6035347,Slow
France,2017,Ransomware,IT,93.15,372975,Hacker Group,Weak Passwords,Firewall,64,249.7486427,Slow
France,2018,DDoS,Government,66.4,613192,Insider,Weak Passwords,VPN,50,108.2858224,Slow
India,2017,SQL Injection,Government,20.21,421023,Insider,Unpatched Software,Encryption,72,48.00212815,Slow
India,2015,Ransomware,Healthcare,1.48,818172,Unknown,Social Engineering,VPN,30,1.808910596,Moderate
Russia,2018,Ransomware,Education,22.77,828880,Hacker Group,Unpatched Software,Antivirus,69,27.47080398,Slow
Germany,2017,Man-in-the-Middle,Government,56.15,487668,Hacker Group,Unpatched Software,AI-based Detection,72,115.1398082,Slow
France,2020,Ransomware,Telecommunications,10.52,253094,Hacker Group,Unpatched Software,VPN,19,41.56558433,Moderate
China,2015,SQL Injection,Telecommunications,34.84,712886,Hacker Group,Weak Passwords,Antivirus,7,48.87176912,Fast
China,2019,Phishing,IT,5.05,65176,Unknown,Weak Passwords,Encryption,49,77.4825089,Slow
Germany,2020,SQL Injection,IT,54.59,248356,Nation-state,Weak Passwords,AI-based Detection,25,219.8054406,Moderate
China,2020,DDoS,Education,52.36,499615,Hacker Group,Unpatched Software,Antivirus,19,104.8006965,Moderate
Russia,2016,Man-in-the-Middle,Telecommunications,10.2,446917,Unknown,Unpatched Software,Firewall,1,22.82302978,Fast
USA,2023,SQL Injection,Education,77.96,164892,Insider,Weak Passwords,Firewall,63,472.7943139,Slow
UK,2022,SQL Injection,IT,61.97,627852,Nation-state,Unpatched Software,VPN,23,98.70160484,Moderate
UK,2016,DDoS,Banking,61.15,219846,Insider,Social Engineering,AI-based Detection,13,278.1492499,Moderate
Australia,2024,Malware,Education,83.04,862049,Insider,Unpatched Software,Antivirus,43,96.32863097,Slow
USA,2015,Man-in-the-Middle,Education,37.18,270984,Nation-state,Zero-day,Encryption,28,137.2036725,Moderate
India,2022,Malware,Government,27.09,979810,Insider,Weak Passwords,VPN,34,27.64821751,Moderate
Germany,2015,SQL Injection,Government,0.72,944106,Insider,Unpatched Software,VPN,2,0.762626231,Fast
Russia,2023,Phishing,Banking,9.24,612761,Nation-state,Unpatched Software,Encryption,71,15.07928866,Slow
Australia,2018,Malware,Telecommunications,8.69,813960,Hacker Group,Weak Passwords,VPN,6,10.6762003,Fast
Germany,2021,DDoS,Healthcare,32.07,510895,Unknown,Weak Passwords,Antivirus,6,62.7721939,Fast
India,2023,Malware,Healthcare,71.94,652957,Insider,Weak Passwords,Encryption,65,110.1757084,Slow
Japan,2022,Ransomware,IT,84.09,991854,Unknown,Unpatched Software,VPN,11,84.78062295,Fast
India,2018,Ransomware,Retail,56.06,382041,Unknown,Weak Passwords,Encryption,4,146.7381773,Fast
USA,2015,Man-in-the-Middle,Government,47.76,428556,Unknown,Weak Passwords,Antivirus,15,111.444012,Moderate
UK,2019,SQL Injection,Banking,79.34,455556,Insider,Social Engineering,Firewall,1,174.1608057,Fast
Australia,2022,Ransomware,Healthcare,17.58,18399,Unknown,Zero-day,Firewall,14,955.4867112,Moderate
Germany,2016,Man-in-the-Middle,Government,97.79,984519,Nation-state,Unpatched Software,Firewall,57,99.327692,Slow
Brazil,2021,DDoS,Retail,75.1,740795,Hacker Group,Unpatched Software,Firewall,12,101.3775741,Fast
UK,2019,SQL Injection,Telecommunications,39.58,483585,Unknown,Unpatched Software,Encryption,13,81.84703827,Moderate
Brazil,2021,Ransomware,Healthcare,78.08,989151,Unknown,Social Engineering,AI-based Detection,2,78.9363808,Fast
Germany,2016,SQL Injection,Government,63.89,946613,Insider,Social Engineering,AI-based Detection,21,67.49326282,Moderate
Australia,2021,Ransomware,Banking,24.33,77845,Insider,Social Engineering,AI-based Detection,26,312.5441583,Moderate
India,2020,Ransomware,IT,70.91,403494,Hacker Group,Social Engineering,Firewall,3,175.7399119,Fast
Germany,2018,Man-in-the-Middle,Banking,23.32,524693,Unknown,Unpatched Software,VPN,63,44.44503738,Slow
UK,2016,Phishing,Education,9.84,628589,Unknown,Unpatched Software,Encryption,8,15.65410785,Fast
Australia,2018,Man-in-the-Middle,Healthcare,34.29,943349,Nation-state,Zero-day,Antivirus,5,36.34921964,Fast
Brazil,2018,DDoS,Retail,1.58,100633,Insider,Zero-day,Encryption,53,15.70061511,Slow
France,2017,Phishing,Government,59.64,551515,Unknown,Zero-day,AI-based Detection,37,108.1384912,Slow
Germany,2023,Man-in-the-Middle,Banking,80.97,289046,Nation-state,Zero-day,Encryption,41,280.1284225,Slow
Australia,2021,Malware,Retail,22.48,70067,Insider,Weak Passwords,VPN,22,320.8357715,Moderate
France,2022,Phishing,Banking,69.99,366596,Insider,Weak Passwords,AI-based Detection,65,190.9186134,Slow
Japan,2021,SQL Injection,IT,51.24,452476,Nation-state,Zero-day,VPN,41,113.2435753,Slow
Japan,2020,SQL Injection,Banking,70.14,575065,Insider,Weak Passwords,Encryption,61,121.9688209,Slow
Japan,2024,Man-in-the-Middle,Education,68.35,474131,Insider,Unpatched Software,Firewall,41,144.158471,Slow
USA,2016,Phishing,Education,86.3,702702,Hacker Group,Zero-day,Encryption,14,122.8116613,Moderate
Australia,2023,DDoS,Government,97.18,692900,Unknown,Social Engineering,Encryption,72,140.2511185,Slow
Brazil,2021,SQL Injection,IT,92.4,654303,Hacker Group,Unpatched Software,AI-based Detection,15,141.2189765,Moderate
Russia,2022,Ransomware,Banking,50.11,851222,Insider,Weak Passwords,Encryption,16,58.86830932,Moderate
Australia,2016,Man-in-the-Middle,Government,35.59,729762,Insider,Social Engineering,VPN,6,48.76932479,Fast
USA,2022,DDoS,Healthcare,56.89,388698,Nation-state,Social Engineering,VPN,35,146.3604135,Moderate
Australia,2019,SQL Injection,Telecommunications,86.79,293647,Nation-state,Social Engineering,AI-based Detection,37,295.5589534,Slow
China,2021,Phishing,Government,84.49,884734,Hacker Group,Weak Passwords,Encryption,6,95.4976298,Fast
UK,2023,DDoS,IT,52.75,638329,Hacker Group,Social Engineering,Firewall,11,82.6376367,Fast
India,2019,DDoS,Government,63.63,47191,Insider,Unpatched Software,VPN,28,1348.350321,Moderate
Brazil,2023,Phishing,Retail,42.69,309021,Unknown,Unpatched Software,Encryption,2,138.1459512,Fast
Germany,2018,DDoS,Telecommunications,15.14,834902,Nation-state,Weak Passwords,Firewall,63,18.13386481,Slow
France,2016,DDoS,Banking,25.81,132286,Insider,Unpatched Software,Antivirus,66,195.10757,Slow
France,2023,SQL Injection,Banking,46.58,659062,Unknown,Unpatched Software,Antivirus,42,70.67620345,Slow
France,2020,Malware,Telecommunications,93.88,69492,Hacker Group,Social Engineering,Encryption,29,1350.946872,Moderate
Russia,2017,Phishing,IT,53.07,388154,Nation-state,Zero-day,AI-based Detection,29,136.7240837,Moderate
Brazil,2024,DDoS,Government,24.23,889448,Hacker Group,Zero-day,VPN,20,27.24161502,Moderate
UK,2022,Phishing,Retail,49.08,445458,Hacker Group,Unpatched Software,Antivirus,36,110.1787374,Moderate
UK,2019,Phishing,Banking,84.5,828382,Hacker Group,Weak Passwords,AI-based Detection,4,102.0060793,Fast
Russia,2024,SQL Injection,Education,99.31,362492,Insider,Weak Passwords,AI-based Detection,63,273.9646668,Slow
Japan,2021,Man-in-the-Middle,Healthcare,55.4,68886,Hacker Group,Weak Passwords,AI-based Detection,41,804.227274,Slow
Japan,2017,DDoS,Education,7.84,165722,Unknown,Unpatched Software,Encryption,23,47.30814255,Moderate
India,2020,SQL Injection,Government,99.72,604113,Insider,Weak Passwords,Encryption,7,165.0684557,Fast
France,2019,Man-in-the-Middle,Healthcare,39.48,450466,Unknown,Unpatched Software,VPN,52,87.64257458,Slow
Australia,2019,Phishing,Banking,1.13,507976,Hacker Group,Zero-day,AI-based Detection,70,2.224514544,Slow
India,2018,DDoS,Banking,43.45,180980,Hacker Group,Unpatched Software,AI-based Detection,15,240.081777,Moderate
France,2020,Ransomware,Healthcare,37.36,745273,Insider,Zero-day,Firewall,67,50.12928148,Slow
Germany,2023,SQL Injection,Telecommunications,94.14,536737,Unknown,Unpatched Software,Encryption,44,175.3931628,Slow
Germany,2020,SQL Injection,Banking,65.24,202102,Insider,Unpatched Software,Antivirus,54,322.8072953,Slow
Brazil,2021,DDoS,Education,80.79,134998,Unknown,Zero-day,AI-based Detection,42,598.4533104,Slow
India,2015,Ransomware,Banking,81.81,41635,Nation-state,Unpatched Software,Encryption,37,1964.933349,Slow
Japan,2022,Phishing,Telecommunications,35.54,604908,Unknown,Zero-day,Antivirus,25,58.75273595,Moderate
France,2020,Man-in-the-Middle,IT,88.42,688016,Nation-state,Zero-day,Antivirus,26,128.5144532,Moderate
Brazil,2020,Ransomware,IT,56.59,679131,Hacker Group,Weak Passwords,AI-based Detection,55,83.32707534,Slow
India,2015,DDoS,Retail,39.28,585934,Insider,Unpatched Software,Antivirus,13,67.03826711,Moderate
USA,2023,Man-in-the-Middle,IT,88.81,762605,Nation-state,Unpatched Software,Encryption,53,116.4560946,Slow
UK,2021,Malware,Healthcare,58.9,984973,Unknown,Zero-day,Encryption,30,59.79859346,Moderate
Russia,2020,Phishing,Education,9.52,889970,Nation-state,Unpatched Software,VPN,20,10.69698979,Moderate
USA,2020,Phishing,Healthcare,39.92,376443,Insider,Zero-day,Antivirus,20,106.0452711,Moderate
UK,2023,Phishing,Retail,28.54,699386,Nation-state,Weak Passwords,Encryption,20,40.80722234,Moderate
Russia,2020,Man-in-the-Middle,Retail,74.11,158758,Nation-state,Zero-day,Antivirus,72,466.8111213,Slow
China,2021,Man-in-the-Middle,Banking,85.26,812101,Insider,Social Engineering,VPN,52,104.9869413,Slow
UK,2020,Phishing,Telecommunications,43.72,402744,Insider,Zero-day,AI-based Detection,65,108.5553106,Slow
Japan,2015,Malware,Healthcare,77.01,182338,Unknown,Social Engineering,Firewall,72,422.3475085,Slow
Germany,2017,Man-in-the-Middle,Banking,88.03,587213,Unknown,Weak Passwords,AI-based Detection,32,149.9115313,Moderate
France,2024,DDoS,Government,86.65,419571,Nation-state,Zero-day,AI-based Detection,72,206.5204697,Slow
Germany,2017,SQL Injection,IT,33.79,772541,Nation-state,Unpatched Software,Antivirus,46,43.73877891,Slow
Germany,2020,SQL Injection,Retail,76.04,759384,Nation-state,Unpatched Software,AI-based Detection,22,100.1337927,Moderate
China,2015,Ransomware,Government,57.59,887037,Insider,Unpatched Software,VPN,39,64.92401106,Slow
China,2016,Ransomware,IT,37.22,788555,Insider,Unpatched Software,Encryption,43,47.2002587,Slow
India,2020,Man-in-the-Middle,Telecommunications,57.89,438137,Unknown,Unpatched Software,VPN,18,132.1276222,Moderate
Australia,2024,Ransomware,Government,3.37,414907,Hacker Group,Zero-day,Firewall,42,8.122302106,Slow
Australia,2021,Ransomware,Telecommunications,88.2,576302,Hacker Group,Zero-day,AI-based Detection,2,153.0447578,Fast
USA,2020,DDoS,IT,96.08,156275,Insider,Social Engineering,Encryption,24,614.8136298,Moderate
Japan,2024,DDoS,Government,84.36,234154,Nation-state,Unpatched Software,VPN,42,360.275716,Slow
Brazil,2022,Phishing,IT,92.58,176386,Hacker Group,Unpatched Software,VPN,63,524.8715884,Slow
Japan,2015,Malware,Healthcare,27.92,775042,Unknown,Zero-day,Encryption,12,36.02385419,Fast
Germany,2016,Phishing,Telecommunications,46.28,992092,Hacker Group,Unpatched Software,Encryption,3,46.6488995,Fast
France,2016,Ransomware,Education,25.55,883536,Hacker Group,Unpatched Software,AI-based Detection,66,28.91789355,Slow
France,2017,Phishing,Banking,15.14,276541,Hacker Group,Social Engineering,AI-based Detection,16,54.74775892,Moderate
India,2024,Phishing,Telecommunications,50.64,513620,Unknown,Unpatched Software,Antivirus,65,98.5942915,Slow
Germany,2022,Phishing,Banking,31.73,397919,Nation-state,Social Engineering,Encryption,22,79.73984655,Moderate
Russia,2021,Phishing,Telecommunications,73.93,32743,Hacker Group,Zero-day,VPN,18,2257.887182,Moderate
Germany,2020,Phishing,Government,40.62,318648,Insider,Zero-day,Encryption,1,127.4760865,Fast
USA,2022,Ransomware,Education,14.5,353297,Insider,Weak Passwords,VPN,58,41.0419562,Slow
Russia,2017,Malware,IT,20.85,484009,Insider,Weak Passwords,Firewall,41,43.07771136,Slow
Russia,2024,Malware,Government,49.51,872411,Hacker Group,Zero-day,Firewall,5,56.75077458,Fast
Germany,2023,Man-in-the-Middle,Education,26.14,876348,Unknown,Social Engineering,Encryption,1,29.82833304,Fast
China,2021,SQL Injection,Government,13.76,11310,Hacker Group,Weak Passwords,Antivirus,71,1216.622458,Slow
UK,2018,SQL Injection,Retail,72.21,597358,Nation-state,Zero-day,VPN,30,120.882285,Moderate
India,2022,SQL Injection,Healthcare,91.91,180456,Unknown,Unpatched Software,VPN,8,509.3208317,Fast
Russia,2021,DDoS,Retail,79.06,368255,Nation-state,Social Engineering,Encryption,17,214.6881916,Moderate
India,2022,Malware,Education,7.17,268414,Insider,Unpatched Software,Encryption,9,26.71246656,Fast
China,2019,SQL Injection,Healthcare,79.28,891504,Insider,Zero-day,Firewall,63,88.92837273,Slow
Japan,2023,Phishing,Healthcare,48.25,3395,Nation-state,Weak Passwords,Antivirus,58,14212.07658,Slow
China,2023,Ransomware,Education,45.88,164890,Unknown,Weak Passwords,AI-based Detection,20,278.2461035,Moderate
India,2020,SQL Injection,Banking,89.8,895388,Insider,Social Engineering,AI-based Detection,54,100.2917171,Slow
India,2020,SQL Injection,Telecommunications,17.47,436517,Nation-state,Weak Passwords,Antivirus,61,40.02135083,Slow
India,2018,Phishing,IT,70.85,677164,Nation-state,Weak Passwords,Firewall,7,104.6275348,Fast
Russia,2024,Man-in-the-Middle,Banking,93.13,414192,Nation-state,Weak Passwords,Firewall,34,224.8474138,Moderate
Russia,2021,Man-in-the-Middle,Retail,39.73,80069,Insider,Unpatched Software,VPN,8,496.1970301,Fast
UK,2016,Phishing,IT,1.28,604185,Unknown,Zero-day,Firewall,57,2.118556402,Slow
Brazil,2021,SQL Injection,IT,83.99,807733,Unknown,Weak Passwords,Encryption,18,103.9823803,Moderate
France,2019,SQL Injection,Telecommunications,16.51,945154,Nation-state,Social Engineering,AI-based Detection,63,17.46805283,Slow
Germany,2023,Malware,Retail,62.43,918454,Unknown,Unpatched Software,Firewall,15,67.97291971,Moderate
Australia,2017,Phishing,Retail,56.1,450205,Unknown,Zero-day,Firewall,32,124.6098999,Moderate
Japan,2016,Malware,Telecommunications,87.52,476001,Hacker Group,Social Engineering,VPN,58,183.8651599,Slow
Russia,2018,Phishing,IT,65.88,503520,Hacker Group,Zero-day,Encryption,48,130.8388942,Slow
USA,2024,SQL Injection,Retail,86.29,457411,Nation-state,Zero-day,VPN,34,188.6487207,Moderate
China,2018,Malware,Education,62.82,580609,Unknown,Weak Passwords,AI-based Detection,29,108.1967383,Moderate
UK,2022,Phishing,Banking,18.45,848022,Hacker Group,Social Engineering,Antivirus,10,21.75651103,Fast
Brazil,2022,Phishing,Education,75.42,761590,Unknown,Unpatched Software,AI-based Detection,45,99.02966163,Slow
Brazil,2022,DDoS,Education,17.68,366968,Nation-state,Social Engineering,VPN,47,48.17858778,Slow
Brazil,2021,Man-in-the-Middle,Education,27.95,625370,Insider,Social Engineering,Firewall,24,44.69354142,Moderate
UK,2018,Ransomware,Healthcare,60.01,193378,Unknown,Unpatched Software,Encryption,32,310.324856,Moderate
Brazil,2024,DDoS,Healthcare,92.34,375691,Insider,Zero-day,Encryption,21,245.7870963,Moderate
Australia,2017,SQL Injection,Banking,7.21,526324,Insider,Unpatched Software,VPN,39,13.6987863,Slow
France,2020,Malware,Healthcare,76.42,50468,Hacker Group,Social Engineering,AI-based Detection,64,1514.226837,Slow
India,2020,Phishing,IT,3.2,922656,Insider,Zero-day,AI-based Detection,17,3.468248188,Moderate
India,2018,Ransomware,Retail,62.59,498457,Insider,Weak Passwords,VPN,12,125.5675013,Fast
Brazil,2023,SQL Injection,Education,89.04,351850,Hacker Group,Social Engineering,Encryption,21,253.0623845,Moderate
USA,2015,DDoS,Retail,76.95,391982,Unknown,Social Engineering,Firewall,46,196.3100346,Slow
Australia,2021,Malware,Telecommunications,51.66,247243,Nation-state,Zero-day,Antivirus,69,208.944237,Slow
Japan,2020,Phishing,Banking,39.33,257190,Insider,Unpatched Software,Encryption,14,152.9219643,Moderate
Australia,2015,SQL Injection,Retail,89.77,804658,Nation-state,Unpatched Software,AI-based Detection,23,111.5629249,Moderate
Russia,2024,Man-in-the-Middle,Education,75.95,758032,Insider,Social Engineering,Antivirus,30,100.1936594,Moderate
France,2017,DDoS,Telecommunications,13.31,381948,Unknown,Weak Passwords,AI-based Detection,46,34.8476756,Slow
Australia,2018,DDoS,Retail,40,152435,Unknown,Weak Passwords,Firewall,26,262.4069275,Moderate
Brazil,2020,Ransomware,Banking,99.9,429566,Nation-state,Zero-day,AI-based Detection,54,232.5603051,Slow
Germany,2022,Ransomware,Healthcare,61.99,496292,Nation-state,Zero-day,AI-based Detection,21,124.9063052,Moderate
Germany,2023,Man-in-the-Middle,Healthcare,75.8,943724,Insider,Unpatched Software,AI-based Detection,58,80.32009359,Slow
Japan,2022,Man-in-the-Middle,Government,39.87,243600,Unknown,Weak Passwords,AI-based Detection,40,163.6699507,Slow
USA,2017,Phishing,IT,48.96,480386,Nation-state,Zero-day,Antivirus,18,101.9180409,Moderate
India,2020,Ransomware,Healthcare,70.67,564046,Insider,Social Engineering,Firewall,39,125.2911997,Slow
Japan,2022,Malware,Retail,26.7,50007,Nation-state,Weak Passwords,Antivirus,19,533.9252505,Moderate
Australia,2023,Malware,Retail,99.72,307143,Hacker Group,Social Engineering,VPN,1,324.6696164,Fast
Russia,2023,DDoS,IT,22.71,356964,Insider,Unpatched Software,Firewall,27,63.61986083,Moderate
USA,2024,SQL Injection,Retail,94.83,891369,Hacker Group,Social Engineering,Antivirus,71,106.3869172,Slow
Japan,2020,DDoS,Retail,37.81,482700,Insider,Unpatched Software,VPN,55,78.33022581,Slow
China,2018,Phishing,Healthcare,42.93,596628,Hacker Group,Unpatched Software,Antivirus,60,71.95438364,Slow
Russia,2022,Ransomware,Telecommunications,89.33,776295,Unknown,Zero-day,VPN,40,115.0722341,Slow
USA,2016,Phishing,Banking,38.58,447486,Insider,Weak Passwords,Encryption,7,86.21498773,Fast
USA,2022,Man-in-the-Middle,Retail,75.51,298887,Nation-state,Zero-day,VPN,44,252.6372843,Slow
India,2015,Ransomware,Government,56.3,59582,Nation-state,Unpatched Software,VPN,56,944.9162499,Slow
Brazil,2024,Ransomware,Healthcare,6.67,553944,Hacker Group,Social Engineering,Encryption,64,12.04092832,Slow
Russia,2024,Ransomware,Banking,80.29,507258,Nation-state,Social Engineering,Antivirus,30,158.2823731,Moderate
Russia,2024,DDoS,Government,94.6,82500,Hacker Group,Zero-day,AI-based Detection,28,1146.666667,Moderate
Germany,2021,SQL Injection,Retail,27.54,383781,Nation-state,Zero-day,Antivirus,57,71.75967544,Slow
Australia,2020,Ransomware,Banking,97.48,647303,Insider,Zero-day,Antivirus,37,150.5940804,Slow
USA,2016,Phishing,IT,68.23,877998,Nation-state,Weak Passwords,Antivirus,23,77.71088317,Moderate
India,2015,SQL Injection,Government,56.84,631420,Nation-state,Unpatched Software,Firewall,68,90.01932153,Slow
France,2023,Ransomware,Telecommunications,84.79,263566,Hacker Group,Zero-day,AI-based Detection,64,321.7031028,Slow
UK,2021,Ransomware,Banking,4.22,65148,Nation-state,Weak Passwords,VPN,15,64.77558789,Moderate
Russia,2020,Ransomware,Telecommunications,58.73,345623,Unknown,Weak Passwords,AI-based Detection,67,169.9250339,Slow
China,2015,Ransomware,IT,60.43,962452,Nation-state,Unpatched Software,Encryption,34,62.78754681,Moderate
Germany,2024,Phishing,IT,2.85,951767,Nation-state,Weak Passwords,AI-based Detection,10,2.99443036,Fast
UK,2016,SQL Injection,Education,43.55,712306,Hacker Group,Social Engineering,Firewall,29,61.13945411,Moderate
UK,2016,Ransomware,Telecommunications,11.83,365116,Hacker Group,Social Engineering,Encryption,66,32.40066171,Slow
USA,2021,Man-in-the-Middle,Banking,64.96,485702,Unknown,Unpatched Software,Firewall,51,133.7445594,Slow
USA,2023,SQL Injection,IT,19.37,49480,Hacker Group,Social Engineering,Encryption,17,391.4713015,Moderate
Australia,2019,Phishing,Education,46.64,971148,Insider,Unpatched Software,Firewall,44,48.02563564,Slow
USA,2018,DDoS,Banking,31.54,513005,Unknown,Social Engineering,VPN,62,61.48088225,Slow
Germany,2019,Malware,Retail,6.47,360381,Unknown,Zero-day,VPN,62,17.95322173,Slow
Brazil,2021,DDoS,Banking,96.23,649383,Unknown,Weak Passwords,Encryption,59,148.1868173,Slow
Germany,2022,SQL Injection,Banking,89.74,155736,Nation-state,Social Engineering,Encryption,63,576.2315714,Slow
USA,2023,Malware,Healthcare,54.29,443715,Unknown,Social Engineering,Antivirus,54,122.3533124,Slow
Australia,2022,DDoS,Telecommunications,4.81,683733,Nation-state,Zero-day,VPN,65,7.034909826,Slow
Brazil,2019,DDoS,Healthcare,42.16,400214,Unknown,Zero-day,Firewall,58,105.3436412,Slow
Brazil,2024,Ransomware,IT,74.06,813472,Hacker Group,Zero-day,VPN,17,91.04185516,Moderate
France,2021,Ransomware,Banking,27.1,199832,Nation-state,Weak Passwords,Antivirus,54,135.6139157,Slow
India,2017,Malware,IT,22.04,210495,Insider,Weak Passwords,Firewall,18,104.705575,Moderate
China,2023,Man-in-the-Middle,Education,49.53,923445,Hacker Group,Unpatched Software,VPN,42,53.6361126,Slow
Japan,2019,Man-in-the-Middle,Education,1.72,407485,Insider,Unpatched Software,AI-based Detection,22,4.22101427,Moderate
Russia,2020,Man-in-the-Middle,Government,97.39,517452,Unknown,Zero-day,Firewall,9,188.2106939,Fast
Germany,2017,Ransomware,Retail,68.73,509742,Nation-state,Zero-day,Antivirus,43,134.8329155,Slow
USA,2019,Malware,Healthcare,57.85,412236,Nation-state,Weak Passwords,Antivirus,36,140.3322369,Moderate
Germany,2017,Malware,Healthcare,6.58,592988,Hacker Group,Unpatched Software,VPN,43,11.09634596,Slow
USA,2019,Ransomware,Banking,47.25,451510,Hacker Group,Zero-day,VPN,45,104.648845,Slow
India,2021,Ransomware,Education,20.26,144065,Insider,Unpatched Software,Firewall,62,140.6309652,Slow
India,2024,DDoS,Telecommunications,85.02,700440,Hacker Group,Weak Passwords,VPN,23,121.3808463,Moderate
France,2024,Phishing,IT,64.54,255689,Unknown,Zero-day,Antivirus,54,252.416021,Slow
Japan,2017,Malware,Retail,74.01,750473,Unknown,Zero-day,Antivirus,41,98.61780504,Slow
UK,2015,Malware,Government,68.8,284512,Nation-state,Social Engineering,Antivirus,23,241.8175683,Moderate
Japan,2021,Malware,Education,76.8,607544,Nation-state,Weak Passwords,Encryption,56,126.4105974,Slow
UK,2016,Ransomware,Banking,92.39,61764,Hacker Group,Social Engineering,Encryption,38,1495.855191,Slow
USA,2023,DDoS,Telecommunications,11.73,489053,Nation-state,Zero-day,Antivirus,29,23.98513045,Moderate
China,2020,SQL Injection,Telecommunications,29.31,8884,Nation-state,Weak Passwords,Firewall,23,3299.189554,Moderate
Germany,2017,Ransomware,Retail,91.67,80135,Hacker Group,Social Engineering,AI-based Detection,35,1143.944593,Moderate
USA,2022,Phishing,Retail,47.66,20064,Insider,Social Engineering,Encryption,61,2375.398724,Slow
India,2022,SQL Injection,Telecommunications,95.74,849940,Insider,Weak Passwords,AI-based Detection,61,112.6432454,Slow
Japan,2021,Ransomware,Government,79.25,437649,Hacker Group,Weak Passwords,Firewall,10,181.0811861,Fast
Australia,2020,SQL Injection,Telecommunications,43.69,269137,Unknown,Unpatched Software,AI-based Detection,18,162.3336814,Moderate
UK,2018,Malware,Telecommunications,23.27,233460,Insider,Unpatched Software,Antivirus,11,99.67446243,Fast
UK,2015,SQL Injection,Banking,6.96,474585,Nation-state,Unpatched Software,Firewall,34,14.66544455,Moderate
Russia,2024,SQL Injection,Government,41.65,674211,Hacker Group,Weak Passwords,Firewall,54,61.77591288,Slow
Brazil,2020,Phishing,Healthcare,18.79,267178,Nation-state,Social Engineering,Firewall,56,70.32764674,Slow
Russia,2022,DDoS,Healthcare,58.93,104121,Hacker Group,Zero-day,Firewall,15,565.9761239,Moderate
UK,2020,Ransomware,IT,83.29,217598,Hacker Group,Unpatched Software,Encryption,24,382.7700622,Moderate
China,2024,Ransomware,Government,65.96,44082,Nation-state,Social Engineering,VPN,48,1496.302346,Slow
India,2018,Phishing,Banking,71.58,31733,Hacker Group,Unpatched Software,Encryption,49,2255.695963,Slow
Australia,2022,Man-in-the-Middle,Banking,34.16,346224,Nation-state,Zero-day,Encryption,64,98.66444845,Slow
Australia,2015,DDoS,IT,61.01,419127,Unknown,Social Engineering,Firewall,26,145.5644709,Moderate
USA,2024,Man-in-the-Middle,Education,53.59,810539,Unknown,Weak Passwords,Antivirus,22,66.11649779,Moderate
USA,2020,DDoS,Retail,11.79,692784,Hacker Group,Unpatched Software,Firewall,2,17.01829142,Fast
USA,2020,SQL Injection,Retail,16.98,315050,Unknown,Unpatched Software,Encryption,8,53.89620695,Fast
India,2016,SQL Injection,IT,29.24,786464,Unknown,Weak Passwords,Encryption,38,37.17906986,Slow
UK,2023,Man-in-the-Middle,IT,20.35,140061,Hacker Group,Weak Passwords,AI-based Detection,42,145.2938363,Slow
Brazil,2021,SQL Injection,IT,34.32,673923,Hacker Group,Unpatched Software,Encryption,3,50.92569923,Fast
Japan,2017,SQL Injection,Government,35.88,221051,Insider,Zero-day,Encryption,18,162.3154838,Moderate
Russia,2017,SQL Injection,Banking,33.84,442940,Nation-state,Unpatched Software,AI-based Detection,7,76.39860929,Fast
Russia,2024,SQL Injection,Telecommunications,17.21,677688,Nation-state,Zero-day,Encryption,31,25.3951671,Moderate
Russia,2017,Ransomware,Education,95.08,679860,Unknown,Social Engineering,Encryption,66,139.8523225,Slow
Germany,2016,Phishing,Retail,27.85,963983,Unknown,Zero-day,Encryption,45,28.89055097,Slow
UK,2020,DDoS,Retail,18.52,125100,Unknown,Weak Passwords,VPN,61,148.0415667,Slow
China,2016,DDoS,Education,81.31,815317,Hacker Group,Social Engineering,Antivirus,72,99.72808122,Slow
China,2020,Man-in-the-Middle,Retail,34.82,500252,Nation-state,Zero-day,Antivirus,29,69.60491912,Moderate
India,2018,DDoS,Education,55.3,512953,Unknown,Weak Passwords,Firewall,57,107.807148,Slow
India,2023,Phishing,IT,88.71,337377,Hacker Group,Social Engineering,AI-based Detection,23,262.9402716,Moderate
India,2024,DDoS,Retail,0.6,766733,Insider,Zero-day,AI-based Detection,55,0.782540989,Slow
USA,2023,Malware,Retail,50.02,578310,Nation-state,Weak Passwords,Antivirus,15,86.49340319,Moderate
France,2022,Man-in-the-Middle,Telecommunications,12.96,255574,Insider,Social Engineering,Firewall,69,50.70938358,Slow
China,2023,Phishing,IT,43.58,169152,Nation-state,Unpatched Software,Encryption,49,257.6381006,Slow
USA,2020,Man-in-the-Middle,IT,33.22,216472,Unknown,Zero-day,Encryption,55,153.4609557,Slow
Japan,2020,Phishing,Retail,38.96,370096,Nation-state,Weak Passwords,Encryption,23,105.269984,Moderate
India,2020,Phishing,Telecommunications,30.14,742555,Insider,Zero-day,Firewall,57,40.58958596,Slow
Russia,2020,Man-in-the-Middle,IT,21.72,870019,Insider,Social Engineering,AI-based Detection,5,24.96497203,Fast
Australia,2022,Malware,IT,93.2,941679,Hacker Group,Social Engineering,Antivirus,43,98.97215505,Slow
France,2024,DDoS,Retail,88.17,738419,Unknown,Zero-day,Firewall,11,119.4037532,Fast
Brazil,2018,Phishing,Retail,42.46,4136,Nation-state,Zero-day,Encryption,23,10265.95745,Moderate
India,2022,SQL Injection,Education,61.41,995847,Nation-state,Social Engineering,Encryption,1,61.66609931,Fast
Japan,2022,Ransomware,Education,51.51,536995,Hacker Group,Weak Passwords,Encryption,3,95.92268084,Fast
Germany,2016,Malware,Telecommunications,77.7,57200,Hacker Group,Social Engineering,VPN,26,1358.391608,Moderate
USA,2016,Phishing,Government,14.65,936566,Nation-state,Social Engineering,VPN,61,15.64225052,Slow
Japan,2019,DDoS,Healthcare,68.4,567370,Insider,Unpatched Software,VPN,9,120.5562508,Fast
India,2015,Malware,Banking,34.51,970056,Hacker Group,Unpatched Software,Firewall,30,35.57526576,Moderate
Brazil,2020,Ransomware,IT,71.74,3432,Hacker Group,Unpatched Software,AI-based Detection,45,20903.2634,Slow
Brazil,2015,Malware,Education,37.54,49473,Insider,Social Engineering,Firewall,51,758.7977281,Slow
France,2019,Man-in-the-Middle,IT,76.35,460984,Hacker Group,Zero-day,Firewall,55,165.6239696,Slow
UK,2024,Phishing,IT,71.2,228010,Nation-state,Social Engineering,Antivirus,59,312.2670058,Slow
Russia,2024,Ransomware,Government,48.88,172789,Hacker Group,Unpatched Software,VPN,10,282.8883783,Fast
China,2020,Man-in-the-Middle,Retail,48.24,338732,Nation-state,Unpatched Software,Firewall,15,142.4134714,Moderate
Germany,2017,Ransomware,Healthcare,32,175755,Insider,Weak Passwords,Firewall,30,182.0716338,Moderate
Brazil,2023,DDoS,Education,50.34,897521,Nation-state,Social Engineering,AI-based Detection,19,56.08782413,Moderate
Russia,2016,Ransomware,Healthcare,5.18,719532,Insider,Unpatched Software,VPN,10,7.199123875,Fast
Australia,2024,DDoS,Government,95.28,583925,Insider,Zero-day,Encryption,70,163.1716402,Slow
Russia,2016,Phishing,Retail,70.4,480522,Unknown,Zero-day,Antivirus,72,146.5073399,Slow
Brazil,2015,SQL Injection,IT,47.2,16957,Unknown,Zero-day,Firewall,49,2783.511234,Slow
France,2016,Ransomware,IT,29.35,316228,Unknown,Unpatched Software,VPN,7,92.81278065,Fast
Australia,2018,SQL Injection,Banking,20.28,363414,Insider,Unpatched Software,Antivirus,59,55.80412422,Slow
UK,2015,Man-in-the-Middle,Telecommunications,71.9,733671,Insider,Zero-day,VPN,20,98.00032985,Moderate
France,2019,SQL Injection,Telecommunications,27.91,399457,Nation-state,Weak Passwords,Firewall,48,69.86984832,Slow
China,2017,DDoS,Government,57.34,171772,Nation-state,Social Engineering,Firewall,8,333.8145914,Fast
USA,2015,Phishing,Government,82.4,197305,Insider,Unpatched Software,AI-based Detection,34,417.627531,Moderate
Russia,2023,Ransomware,Healthcare,15.08,677971,Insider,Social Engineering,VPN,51,22.2428393,Slow
India,2021,Man-in-the-Middle,Banking,55.12,942454,Hacker Group,Social Engineering,VPN,66,58.48561309,Slow
Russia,2022,Ransomware,Government,38.84,211205,Insider,Unpatched Software,Antivirus,54,183.8971615,Slow
Japan,2024,Malware,Telecommunications,42.79,483399,Insider,Zero-day,Antivirus,50,88.51900811,Slow
China,2016,DDoS,Telecommunications,97.83,699791,Nation-state,Weak Passwords,Encryption,2,139.7988828,Fast
Germany,2019,Phishing,Education,10.04,679314,Nation-state,Unpatched Software,Antivirus,39,14.77961591,Slow
Brazil,2020,SQL Injection,Retail,96.97,466897,Insider,Unpatched Software,VPN,58,207.6903471,Slow
Brazil,2024,SQL Injection,Healthcare,41.05,175957,Hacker Group,Zero-day,Antivirus,69,233.2956347,Slow
India,2019,Ransomware,Government,10.37,912202,Nation-state,Weak Passwords,VPN,15,11.3680961,Moderate
Russia,2019,DDoS,Education,33.73,985398,Nation-state,Social Engineering,Antivirus,54,34.22982389,Slow
China,2023,SQL Injection,Education,4.18,715127,Nation-state,Weak Passwords,Antivirus,60,5.845115623,Slow
USA,2021,Malware,Retail,72.24,472835,Hacker Group,Unpatched Software,Encryption,57,152.7805683,Slow
Australia,2016,DDoS,Healthcare,98.25,412019,Unknown,Weak Passwords,Antivirus,34,238.4598769,Moderate
India,2021,SQL Injection,Retail,85.69,172469,Insider,Weak Passwords,Antivirus,16,496.8429109,Moderate
UK,2015,Phishing,Banking,39.12,893284,Unknown,Unpatched Software,AI-based Detection,21,43.79346322,Moderate
India,2021,Malware,Telecommunications,82.66,586,Hacker Group,Zero-day,VPN,23,141058.0205,Moderate
Japan,2017,Phishing,IT,49.12,845169,Nation-state,Social Engineering,VPN,1,58.1185538,Fast
Germany,2018,Ransomware,Government,89.36,184748,Unknown,Unpatched Software,Firewall,4,483.6858856,Fast
Japan,2021,Malware,Healthcare,77.84,783976,Nation-state,Weak Passwords,Firewall,62,99.28875374,Slow
France,2015,Phishing,IT,49.84,282583,Unknown,Weak Passwords,VPN,15,176.3729594,Moderate
Germany,2020,SQL Injection,Healthcare,96.31,591828,Unknown,Unpatched Software,Encryption,16,162.7330914,Moderate
India,2018,SQL Injection,Government,18.44,27344,Nation-state,Zero-day,VPN,1,674.3709772,Fast
Australia,2024,Ransomware,Healthcare,18.16,200307,Unknown,Social Engineering,Antivirus,59,90.66083562,Slow
China,2018,Man-in-the-Middle,IT,68.28,528411,Insider,Zero-day,AI-based Detection,10,129.2175977,Fast
France,2015,Phishing,Banking,95.72,551812,Insider,Weak Passwords,Encryption,69,173.4648757,Slow
Brazil,2019,SQL Injection,Education,96.6,975019,Unknown,Unpatched Software,Firewall,38,99.07499238,Slow
China,2015,DDoS,Government,97.15,399851,Nation-state,Social Engineering,VPN,38,242.9655047,Slow
India,2024,Ransomware,Government,79.3,998833,Hacker Group,Social Engineering,Firewall,21,79.39265122,Moderate
France,2017,Man-in-the-Middle,Education,76.35,517640,Hacker Group,Unpatched Software,Firewall,4,147.4963295,Fast
Russia,2023,DDoS,Banking,33.51,615332,Hacker Group,Social Engineering,AI-based Detection,65,54.45840619,Slow
France,2017,SQL Injection,Healthcare,96.08,592364,Insider,Weak Passwords,Antivirus,21,162.1975677,Moderate
China,2020,Phishing,Education,33.69,943680,Insider,Zero-day,AI-based Detection,46,35.70066124,Slow
Brazil,2017,Man-in-the-Middle,Retail,17.99,506551,Unknown,Unpatched Software,Antivirus,53,35.51468658,Slow
Japan,2022,Ransomware,Government,86.84,122651,Insider,Weak Passwords,AI-based Detection,59,708.0252097,Slow
USA,2018,Man-in-the-Middle,Retail,97.62,459039,Nation-state,Weak Passwords,Firewall,68,212.6616693,Slow
Germany,2021,Ransomware,IT,25.85,176331,Insider,Weak Passwords,Antivirus,25,146.5992934,Moderate
USA,2018,Ransomware,Healthcare,27.37,543437,Unknown,Unpatched Software,Firewall,20,50.36462368,Moderate
Germany,2022,SQL Injection,Telecommunications,29.02,859311,Insider,Zero-day,AI-based Detection,47,33.77124231,Slow
USA,2018,DDoS,Retail,90.78,877041,Unknown,Unpatched Software,VPN,48,103.5071336,Slow
France,2022,Ransomware,Healthcare,42.33,657939,Nation-state,Social Engineering,Antivirus,47,64.33727139,Slow
Japan,2019,DDoS,Banking,81.89,920270,Nation-state,Unpatched Software,Antivirus,20,88.98475447,Moderate
USA,2015,Ransomware,Healthcare,43.81,905935,Unknown,Unpatched Software,VPN,60,48.35887784,Slow
Australia,2019,Malware,Telecommunications,93.71,217863,Insider,Unpatched Software,VPN,31,430.1326981,Moderate
UK,2020,Man-in-the-Middle,Government,54.29,930468,Insider,Social Engineering,AI-based Detection,35,58.34698238,Moderate
Japan,2022,Phishing,Healthcare,55.72,179545,Unknown,Zero-day,Encryption,15,310.3400262,Moderate
India,2023,Ransomware,Retail,5.57,582097,Insider,Weak Passwords,Antivirus,40,9.568851927,Slow
France,2023,SQL Injection,Banking,48.1,360752,Unknown,Zero-day,Antivirus,21,133.3325941,Moderate
India,2020,Phishing,Retail,25.79,907128,Insider,Unpatched Software,Antivirus,13,28.43038689,Moderate
UK,2024,Man-in-the-Middle,Banking,14.84,817793,Hacker Group,Social Engineering,VPN,64,18.14640135,Slow
China,2024,Malware,Healthcare,85.76,922209,Nation-state,Zero-day,Antivirus,27,92.99410437,Moderate
USA,2019,DDoS,Retail,18.76,411707,Insider,Social Engineering,VPN,42,45.5663858,Slow
India,2020,Phishing,Healthcare,38.19,847958,Insider,Weak Passwords,Firewall,32,45.03760799,Moderate
India,2015,Man-in-the-Middle,Banking,38.1,187807,Nation-state,Unpatched Software,VPN,37,202.8678377,Slow
China,2024,SQL Injection,Telecommunications,10.18,637350,Unknown,Weak Passwords,Antivirus,52,15.97238566,Slow
China,2024,SQL Injection,IT,36.27,237068,Hacker Group,Zero-day,Encryption,65,152.9940776,Slow
Australia,2022,Ransomware,Government,92.07,819812,Nation-state,Unpatched Software,Encryption,63,112.3062361,Slow
Brazil,2023,SQL Injection,Healthcare,72.9,434510,Hacker Group,Social Engineering,Firewall,72,167.775195,Slow
USA,2019,DDoS,Telecommunications,57.52,513601,Nation-state,Unpatched Software,VPN,14,111.9935514,Moderate
Japan,2015,Malware,Healthcare,5.79,821803,Unknown,Social Engineering,Firewall,40,7.045484137,Slow
Russia,2020,Man-in-the-Middle,IT,14.68,12585,Unknown,Zero-day,Antivirus,30,1166.468017,Moderate
Russia,2020,Man-in-the-Middle,Telecommunications,10.12,405253,Hacker Group,Unpatched Software,Antivirus,52,24.97205449,Slow
Japan,2017,DDoS,IT,86.89,703035,Unknown,Unpatched Software,Firewall,15,123.5927088,Moderate
Australia,2022,Phishing,Government,9.84,580402,Nation-state,Social Engineering,VPN,70,16.95376653,Slow
France,2017,Man-in-the-Middle,Education,49.94,640572,Hacker Group,Social Engineering,Firewall,51,77.96157185,Slow
Japan,2023,Phishing,Banking,75.13,85528,Hacker Group,Social Engineering,VPN,55,878.4257787,Slow
UK,2024,Malware,Healthcare,33.21,79940,Unknown,Zero-day,Firewall,64,415.4365774,Slow
China,2023,SQL Injection,Telecommunications,54.41,215401,Hacker Group,Social Engineering,VPN,50,252.5986416,Slow
France,2018,Malware,IT,59.56,450313,Nation-state,Zero-day,AI-based Detection,26,132.2635589,Moderate
Australia,2016,Malware,Retail,45.71,461668,Nation-state,Unpatched Software,Firewall,10,99.01054437,Fast
France,2021,Man-in-the-Middle,Banking,4.94,71156,Insider,Social Engineering,Encryption,34,69.42492552,Moderate
India,2017,Ransomware,Government,89.47,201732,Unknown,Zero-day,Antivirus,39,443.5092102,Slow
Russia,2018,Man-in-the-Middle,Government,45.91,322132,Nation-state,Weak Passwords,Encryption,44,142.5192157,Slow
Japan,2021,Phishing,Banking,82.85,854309,Insider,Zero-day,Antivirus,16,96.97896194,Moderate
USA,2016,Phishing,Retail,89.85,998085,Insider,Zero-day,VPN,7,90.02239288,Fast
France,2018,Malware,IT,10.81,479628,Insider,Weak Passwords,VPN,13,22.53830052,Moderate
Russia,2022,Malware,Healthcare,34.32,554162,Insider,Weak Passwords,Encryption,33,61.93134859,Moderate
USA,2022,Phishing,Government,92.54,653402,Hacker Group,Social Engineering,Firewall,5,141.6279718,Fast
UK,2016,Man-in-the-Middle,Government,62.9,119785,Hacker Group,Unpatched Software,Encryption,14,525.1074842,Moderate
Germany,2018,DDoS,Banking,48.76,754656,Hacker Group,Unpatched Software,VPN,35,64.61222067,Moderate
USA,2016,Malware,Retail,41.11,848855,Unknown,Unpatched Software,VPN,37,48.42994387,Slow
China,2021,SQL Injection,Healthcare,57.2,328454,Nation-state,Zero-day,VPN,10,174.1491959,Fast
Russia,2018,DDoS,Education,13.13,510702,Hacker Group,Weak Passwords,Firewall,15,25.70970938,Moderate
Australia,2015,Man-in-the-Middle,Education,20.96,248083,Hacker Group,Social Engineering,Encryption,70,84.48785286,Slow
Brazil,2023,DDoS,Government,42.75,746425,Unknown,Zero-day,VPN,24,57.27300131,Moderate
Japan,2018,Ransomware,Education,82.89,336607,Unknown,Zero-day,AI-based Detection,17,246.2515634,Moderate
Brazil,2021,Ransomware,Government,21.21,570810,Insider,Social Engineering,Firewall,72,37.15772324,Slow
France,2020,Malware,Banking,12.25,162930,Insider,Unpatched Software,Firewall,13,75.18566255,Moderate
Japan,2015,SQL Injection,Education,61.87,244406,Nation-state,Social Engineering,VPN,43,253.1443582,Slow
Japan,2016,DDoS,Education,71.12,604557,Nation-state,Social Engineering,Encryption,20,117.6398586,Moderate
Germany,2024,Man-in-the-Middle,Education,26.58,313397,Hacker Group,Social Engineering,AI-based Detection,36,84.81255404,Moderate
Australia,2023,Malware,Retail,5.24,696902,Nation-state,Unpatched Software,Encryption,21,7.518991192,Moderate
UK,2024,Phishing,Banking,30.39,156576,Hacker Group,Unpatched Software,VPN,72,194.0910484,Slow
UK,2020,Phishing,Healthcare,66.55,843310,Hacker Group,Zero-day,Antivirus,71,78.9152269,Slow
China,2016,DDoS,Telecommunications,83.02,281862,Insider,Social Engineering,AI-based Detection,4,294.5413004,Fast
India,2024,Ransomware,IT,88.23,526308,Insider,Unpatched Software,Antivirus,23,167.6394811,Moderate
Russia,2018,DDoS,IT,5.18,826924,Insider,Social Engineering,VPN,35,6.264179054,Moderate
China,2024,DDoS,IT,13.77,928751,Insider,Social Engineering,Encryption,26,14.82636358,Moderate
China,2021,Ransomware,Education,21.9,304804,Hacker Group,Weak Passwords,AI-based Detection,53,71.84945079,Slow
Brazil,2024,Man-in-the-Middle,Education,34.42,960625,Nation-state,Weak Passwords,Firewall,48,35.8308393,Slow
France,2019,Ransomware,Government,57.9,264088,Unknown,Weak Passwords,AI-based Detection,28,219.2451001,Moderate
Australia,2022,Phishing,Healthcare,61.97,633750,Insider,Unpatched Software,Antivirus,45,97.78303748,Slow
China,2021,Ransomware,Healthcare,56.11,255531,Unknown,Social Engineering,Firewall,17,219.5819685,Moderate
Australia,2018,Ransomware,Banking,50.64,874035,Insider,Unpatched Software,Antivirus,38,57.93818325,Slow
USA,2017,DDoS,Healthcare,64.99,632431,Insider,Zero-day,VPN,55,102.7621986,Slow
Brazil,2018,Ransomware,Education,69.04,939146,Nation-state,Zero-day,Firewall,56,73.5135964,Slow
India,2022,Man-in-the-Middle,Retail,13.82,633855,Hacker Group,Social Engineering,Antivirus,37,21.80309377,Slow
Australia,2016,Malware,Government,22.48,686176,Nation-state,Zero-day,Firewall,62,32.76127408,Slow
China,2022,Malware,Retail,11.31,561807,Unknown,Zero-day,Antivirus,17,20.13146864,Moderate
India,2023,SQL Injection,Government,60.53,15768,Unknown,Zero-day,VPN,66,3838.787418,Slow
Germany,2019,Malware,Healthcare,98.45,32423,Hacker Group,Weak Passwords,Antivirus,45,3036.42476,Slow
China,2021,SQL Injection,IT,97.06,329378,Nation-state,Weak Passwords,VPN,61,294.6766329,Slow
India,2020,Phishing,Healthcare,64.7,541451,Hacker Group,Weak Passwords,Encryption,17,119.4937307,Moderate
China,2020,Man-in-the-Middle,Education,1.05,255393,Unknown,Unpatched Software,Encryption,71,4.111310803,Slow
Japan,2017,Phishing,Government,89.97,141115,Hacker Group,Zero-day,AI-based Detection,9,637.5651065,Fast
India,2015,Man-in-the-Middle,Telecommunications,48.58,358210,Nation-state,Zero-day,AI-based Detection,11,135.6187711,Fast
Japan,2023,Man-in-the-Middle,Education,16.42,60322,Insider,Zero-day,VPN,22,272.2058287,Moderate
China,2019,Ransomware,Government,15.42,555153,Unknown,Zero-day,Encryption,11,27.77612658,Fast
India,2018,SQL Injection,Healthcare,47.15,98266,Insider,Social Engineering,Firewall,18,479.8200802,Moderate
Russia,2019,Man-in-the-Middle,IT,52.8,633511,Insider,Zero-day,VPN,58,83.34504058,Slow
UK,2015,Man-in-the-Middle,Banking,64.88,976213,Unknown,Social Engineering,Firewall,28,66.46090556,Moderate
Brazil,2016,DDoS,Telecommunications,94.1,838739,Unknown,Social Engineering,VPN,21,112.1922314,Moderate
China,2023,Ransomware,IT,23.18,367503,Nation-state,Weak Passwords,Encryption,17,63.07431504,Moderate
China,2018,Ransomware,Education,17.44,598614,Insider,Social Engineering,VPN,59,29.13396613,Slow
France,2022,Phishing,Retail,22.72,629571,Hacker Group,Unpatched Software,VPN,41,36.08806632,Slow
Japan,2021,Man-in-the-Middle,Education,69.99,834355,Nation-state,Unpatched Software,AI-based Detection,71,83.8851568,Slow
USA,2020,Man-in-the-Middle,IT,87.88,731495,Nation-state,Unpatched Software,Antivirus,3,120.1375266,Fast
UK,2020,SQL Injection,Retail,69.91,354637,Insider,Social Engineering,VPN,63,197.131151,Slow
USA,2020,Ransomware,Banking,27.45,60428,Nation-state,Weak Passwords,Antivirus,27,454.2596147,Moderate
China,2024,DDoS,Retail,13.17,95351,Nation-state,Unpatched Software,Antivirus,11,138.1212572,Fast
Brazil,2020,Phishing,Retail,50.99,826159,Insider,Weak Passwords,VPN,3,61.71935426,Fast
France,2020,SQL Injection,Healthcare,66.92,234301,Insider,Zero-day,AI-based Detection,32,285.6155117,Moderate
UK,2020,Phishing,Healthcare,39.47,551014,Nation-state,Social Engineering,Firewall,71,71.63157379,Slow
Brazil,2017,SQL Injection,Telecommunications,4.35,809757,Nation-state,Social Engineering,VPN,61,5.371981965,Slow
UK,2017,Malware,Healthcare,24.06,612319,Unknown,Social Engineering,Antivirus,47,39.29324421,Slow
UK,2015,Phishing,Telecommunications,21.8,312051,Nation-state,Unpatched Software,VPN,41,69.86037539,Slow
USA,2018,Phishing,Banking,89.74,279786,Insider,Zero-day,VPN,46,320.7451409,Slow
Australia,2016,Phishing,Government,72.34,847817,Hacker Group,Social Engineering,Firewall,13,85.32501707,Moderate
Australia,2016,Man-in-the-Middle,Education,37.48,382682,Nation-state,Zero-day,Firewall,12,97.94032643,Fast
USA,2021,Phishing,IT,38.2,159917,Insider,Zero-day,Antivirus,47,238.8739158,Slow
France,2023,Man-in-the-Middle,Government,85.85,841548,Unknown,Zero-day,Firewall,68,102.014383,Slow
Japan,2017,DDoS,Healthcare,5.5,751586,Nation-state,Social Engineering,AI-based Detection,24,7.317858502,Moderate
Germany,2024,Man-in-the-Middle,Banking,53.51,680154,Nation-state,Zero-day,Firewall,2,78.67335927,Fast
France,2023,Phishing,Education,37.38,978508,Insider,Weak Passwords,Firewall,42,38.20101624,Slow
Germany,2020,Man-in-the-Middle,IT,84.55,392247,Unknown,Zero-day,Antivirus,7,215.5529552,Fast
Russia,2023,SQL Injection,Retail,34.87,446911,Unknown,Weak Passwords,Firewall,25,78.02448362,Moderate
Australia,2023,Ransomware,IT,17.26,777799,Insider,Weak Passwords,Firewall,2,22.19082308,Fast
Australia,2016,Ransomware,Healthcare,82.99,799581,Nation-state,Zero-day,AI-based Detection,50,103.791861,Slow
Germany,2015,Man-in-the-Middle,Retail,85.34,819676,Hacker Group,Zero-day,Antivirus,59,104.1143086,Slow
Japan,2023,SQL Injection,Telecommunications,31.46,192430,Nation-state,Unpatched Software,AI-based Detection,49,163.4880216,Slow
UK,2016,DDoS,Telecommunications,74.5,735,Hacker Group,Unpatched Software,Firewall,69,101360.5442,Slow
USA,2023,Ransomware,Healthcare,12.79,654947,Insider,Social Engineering,Encryption,23,19.52829771,Moderate
USA,2018,DDoS,Banking,10.01,327826,Hacker Group,Social Engineering,AI-based Detection,35,30.53449086,Moderate
France,2016,Man-in-the-Middle,Healthcare,23.99,106126,Unknown,Weak Passwords,Antivirus,19,226.0520513,Moderate
Russia,2022,Man-in-the-Middle,IT,34.57,46493,Insider,Unpatched Software,Encryption,62,743.5527929,Slow
Japan,2021,Man-in-the-Middle,Education,15.78,733307,Nation-state,Social Engineering,Firewall,29,21.51895454,Moderate
France,2015,Malware,Government,71.91,789673,Unknown,Weak Passwords,Antivirus,31,91.06300963,Moderate
China,2017,Ransomware,Education,64.93,159061,Insider,Weak Passwords,Firewall,12,408.2081717,Fast
China,2020,Phishing,Education,6.35,80748,Hacker Group,Zero-day,Encryption,8,78.63971863,Fast
UK,2020,Man-in-the-Middle,IT,85.85,697536,Unknown,Social Engineering,AI-based Detection,72,123.076085,Slow
Brazil,2019,SQL Injection,Healthcare,46.5,748146,Insider,Weak Passwords,AI-based Detection,13,62.15364381,Moderate
Russia,2020,Man-in-the-Middle,Telecommunications,64.39,803579,Unknown,Weak Passwords,VPN,1,80.12902278,Fast
France,2021,Phishing,Retail,13.47,537683,Insider,Unpatched Software,VPN,41,25.05193581,Slow
France,2020,DDoS,Retail,40.72,743271,Nation-state,Social Engineering,Firewall,10,54.78486313,Fast
Australia,2018,Malware,Telecommunications,36.01,215231,Unknown,Zero-day,AI-based Detection,49,167.3086126,Slow
UK,2022,Phishing,Banking,57.89,135941,Nation-state,Social Engineering,AI-based Detection,7,425.8465069,Fast
USA,2017,Phishing,IT,7.95,362478,Hacker Group,Zero-day,Encryption,67,21.93236555,Slow
Russia,2022,DDoS,Education,13.89,537149,Nation-state,Unpatched Software,VPN,54,25.85874683,Slow
China,2016,SQL Injection,Retail,96.28,162061,Insider,Zero-day,Firewall,32,594.0972844,Moderate
China,2016,Ransomware,Banking,94.63,455702,Hacker Group,Weak Passwords,Antivirus,5,207.6576359,Fast
UK,2021,Ransomware,Telecommunications,13.26,448367,Nation-state,Social Engineering,AI-based Detection,7,29.57398738,Fast
France,2019,Malware,Retail,21.92,603904,Nation-state,Unpatched Software,Firewall,38,36.29715981,Slow
France,2016,Malware,IT,81.81,331741,Hacker Group,Social Engineering,Antivirus,29,246.6080466,Moderate
Japan,2023,Ransomware,Education,58.79,983506,Hacker Group,Social Engineering,AI-based Detection,35,59.77594443,Moderate
China,2015,Phishing,Retail,14.72,914743,Insider,Social Engineering,AI-based Detection,69,16.09195151,Slow
Germany,2022,Malware,Banking,59.7,258587,Insider,Social Engineering,VPN,7,230.8700747,Fast
Brazil,2020,Man-in-the-Middle,Retail,16.26,527964,Insider,Zero-day,Firewall,28,30.79755438,Moderate
Brazil,2015,Phishing,Banking,29.61,593384,Unknown,Zero-day,Firewall,65,49.90023324,Slow
UK,2023,Malware,IT,82.38,386972,Insider,Unpatched Software,AI-based Detection,56,212.8836195,Slow
China,2017,DDoS,Healthcare,96.49,644339,Insider,Unpatched Software,Antivirus,71,149.7503643,Slow
Brazil,2024,DDoS,Healthcare,76.39,782425,Insider,Weak Passwords,Encryption,13,97.63236093,Moderate
Russia,2024,SQL Injection,Banking,79.98,84185,Nation-state,Weak Passwords,VPN,2,950.0504841,Fast
UK,2022,Malware,Healthcare,91.65,337120,Insider,Weak Passwords,Firewall,59,271.8616516,Slow
UK,2020,Phishing,Banking,3.84,241282,Hacker Group,Social Engineering,Encryption,55,15.91498744,Slow
China,2023,DDoS,Healthcare,97.15,734819,Unknown,Unpatched Software,AI-based Detection,50,132.2094284,Slow
Australia,2024,DDoS,Healthcare,77.04,8517,Hacker Group,Weak Passwords,Encryption,4,9045.438535,Fast
UK,2018,Man-in-the-Middle,Government,91.52,865257,Nation-state,Social Engineering,VPN,19,105.7720423,Moderate
Germany,2023,SQL Injection,Education,37.4,662428,Insider,Weak Passwords,AI-based Detection,4,56.45896611,Fast
China,2020,Malware,Healthcare,11.89,646567,Insider,Unpatched Software,VPN,15,18.38943219,Moderate
USA,2019,DDoS,Telecommunications,43.29,266748,Unknown,Unpatched Software,Antivirus,30,162.2880022,Moderate
USA,2022,Ransomware,Retail,92.88,771367,Hacker Group,Social Engineering,Firewall,5,120.4096105,Fast
USA,2020,DDoS,Banking,99.81,948174,Unknown,Social Engineering,AI-based Detection,4,105.2654892,Fast
Brazil,2017,DDoS,Healthcare,62.74,460264,Unknown,Social Engineering,Firewall,9,136.3130725,Fast
USA,2017,DDoS,Government,96.89,794147,Unknown,Unpatched Software,Antivirus,4,122.00512,Fast
France,2015,SQL Injection,IT,43.86,72222,Unknown,Weak Passwords,Firewall,64,607.2941763,Slow
France,2020,DDoS,Telecommunications,66.27,995231,Nation-state,Weak Passwords,Firewall,53,66.58755605,Slow
Japan,2021,Malware,Retail,90.8,841766,Nation-state,Social Engineering,AI-based Detection,16,107.8684575,Moderate
Russia,2015,Man-in-the-Middle,IT,95.04,566542,Unknown,Weak Passwords,Firewall,58,167.7545531,Slow
UK,2022,Malware,Healthcare,12.67,781284,Hacker Group,Weak Passwords,Firewall,11,16.21689424,Fast
UK,2021,Phishing,IT,89.59,361270,Nation-state,Weak Passwords,VPN,31,247.9862707,Moderate
India,2022,Malware,Telecommunications,97.03,404834,Hacker Group,Zero-day,VPN,62,239.6784855,Slow
China,2023,DDoS,Government,53.46,374484,Unknown,Unpatched Software,Antivirus,46,142.7564329,Slow
Australia,2020,SQL Injection,IT,21.02,681476,Unknown,Weak Passwords,VPN,6,30.84481332,Fast
India,2019,SQL Injection,Retail,15.39,514826,Hacker Group,Unpatched Software,Firewall,72,29.89359512,Slow
Japan,2022,Malware,Education,97.32,742866,Nation-state,Social Engineering,Encryption,61,131.0061303,Slow
UK,2016,Ransomware,Healthcare,61.66,639896,Hacker Group,Social Engineering,VPN,63,96.3594084,Slow
Australia,2022,SQL Injection,IT,15.29,42346,Hacker Group,Unpatched Software,VPN,33,361.0730648,Moderate
Japan,2019,Malware,Telecommunications,5.88,235399,Unknown,Social Engineering,Antivirus,21,24.97886567,Moderate
USA,2015,Man-in-the-Middle,Retail,24.93,448426,Nation-state,Weak Passwords,VPN,36,55.59445706,Moderate
France,2020,Ransomware,Retail,97.37,467137,Nation-state,Social Engineering,Encryption,14,208.4399223,Moderate
Japan,2017,SQL Injection,Education,11.49,364107,Hacker Group,Social Engineering,AI-based Detection,28,31.5566578,Moderate
India,2022,Man-in-the-Middle,Government,4.05,357898,Hacker Group,Social Engineering,Firewall,27,11.31607329,Moderate
China,2016,DDoS,Banking,76.9,605118,Insider,Social Engineering,Firewall,30,127.0826516,Moderate
Russia,2022,Man-in-the-Middle,Education,96.44,106169,Nation-state,Unpatched Software,Encryption,28,908.3630815,Moderate
France,2016,Ransomware,Healthcare,34.29,157547,Insider,Unpatched Software,AI-based Detection,29,217.6493364,Moderate
Brazil,2022,SQL Injection,Healthcare,56.63,242677,Insider,Social Engineering,Encryption,21,233.3554478,Moderate
China,2016,SQL Injection,Banking,63.67,385872,Insider,Zero-day,Firewall,50,165.0029025,Slow
Germany,2018,DDoS,Retail,80.85,148209,Insider,Weak Passwords,Antivirus,54,545.5134304,Slow
Japan,2022,DDoS,Healthcare,9.5,387457,Nation-state,Weak Passwords,VPN,61,24.51884983,Slow
Russia,2023,Malware,IT,47.22,404004,Nation-state,Social Engineering,Encryption,58,116.8800309,Slow
UK,2018,Ransomware,Retail,28.98,981029,Nation-state,Weak Passwords,Antivirus,42,29.54041114,Slow
France,2017,Malware,Telecommunications,96.63,389525,Unknown,Zero-day,Antivirus,32,248.071369,Moderate
India,2019,SQL Injection,IT,43.97,764974,Nation-state,Weak Passwords,VPN,18,57.47907772,Moderate
India,2017,Man-in-the-Middle,Healthcare,91.4,621971,Nation-state,Weak Passwords,AI-based Detection,49,146.9521891,Slow
Brazil,2024,SQL Injection,IT,53.71,680584,Insider,Zero-day,AI-based Detection,5,78.9175179,Fast
China,2018,SQL Injection,Education,15.36,907858,Nation-state,Social Engineering,Encryption,47,16.91894547,Slow
Russia,2021,SQL Injection,Banking,80.68,983047,Hacker Group,Unpatched Software,Antivirus,19,82.07135569,Moderate
France,2015,Malware,Government,17.3,610049,Hacker Group,Social Engineering,AI-based Detection,37,28.35837777,Slow
India,2021,SQL Injection,IT,52.16,100105,Unknown,Zero-day,Firewall,56,521.0528945,Slow
USA,2023,SQL Injection,Government,89.46,59398,Hacker Group,Zero-day,Antivirus,8,1506.111317,Fast
USA,2023,Malware,Banking,35.91,91974,Hacker Group,Zero-day,AI-based Detection,41,390.4364277,Slow
Brazil,2019,Ransomware,Healthcare,9.32,785564,Insider,Unpatched Software,Antivirus,70,11.86408746,Slow
China,2023,Phishing,Banking,15.21,597516,Nation-state,Unpatched Software,Antivirus,15,25.4553853,Moderate
UK,2019,Ransomware,IT,17.98,799372,Hacker Group,Zero-day,AI-based Detection,14,22.49265674,Moderate
France,2018,SQL Injection,Banking,32.84,77096,Unknown,Weak Passwords,VPN,29,425.9624364,Moderate
Brazil,2023,Man-in-the-Middle,Retail,59.18,610786,Nation-state,Social Engineering,AI-based Detection,31,96.8915463,Moderate
Japan,2021,SQL Injection,Telecommunications,28.33,667271,Insider,Weak Passwords,Firewall,22,42.45651317,Moderate
China,2023,Phishing,Banking,33.27,133315,Nation-state,Weak Passwords,AI-based Detection,25,249.5593144,Moderate
Brazil,2019,SQL Injection,Government,24.93,381105,Unknown,Weak Passwords,Encryption,3,65.4150431,Fast
UK,2020,Ransomware,Banking,98.07,795120,Unknown,Social Engineering,Firewall,42,123.3398732,Slow
Russia,2017,SQL Injection,Healthcare,67.13,198285,Nation-state,Unpatched Software,Encryption,56,338.5530928,Slow
India,2023,DDoS,Government,34.46,580270,Unknown,Unpatched Software,Firewall,35,59.38614783,Moderate
UK,2018,Ransomware,Retail,45.67,277410,Hacker Group,Social Engineering,Firewall,42,164.6299701,Slow
Australia,2022,Man-in-the-Middle,Government,38.29,793946,Nation-state,Weak Passwords,Firewall,12,48.22746131,Fast
Australia,2019,Ransomware,Banking,15.21,126770,Insider,Weak Passwords,Encryption,67,119.9810681,Slow
Australia,2016,Phishing,IT,55.18,66776,Unknown,Zero-day,Encryption,29,826.3447945,Moderate
China,2018,DDoS,Telecommunications,83.5,434797,Insider,Social Engineering,Antivirus,21,192.0436434,Moderate
France,2024,SQL Injection,Retail,3.07,901137,Nation-state,Zero-day,Antivirus,10,3.406807178,Fast
Australia,2020,Man-in-the-Middle,Banking,34.59,427407,Unknown,Unpatched Software,Encryption,47,80.9298865,Slow
USA,2021,Phishing,Banking,28.75,959107,Unknown,Zero-day,Antivirus,35,29.97580041,Moderate
Russia,2017,Man-in-the-Middle,IT,55.23,12439,Nation-state,Weak Passwords,Firewall,20,4440.06753,Moderate
Germany,2021,Man-in-the-Middle,Banking,14.45,292854,Nation-state,Unpatched Software,AI-based Detection,14,49.34199294,Moderate
USA,2023,Malware,Banking,66.06,189116,Insider,Social Engineering,AI-based Detection,53,349.3094186,Slow
USA,2017,Phishing,Telecommunications,19.6,889404,Unknown,Weak Passwords,Firewall,60,22.03722943,Slow
USA,2017,Man-in-the-Middle,Retail,58.98,566242,Nation-state,Social Engineering,VPN,63,104.160412,Slow
Brazil,2015,SQL Injection,IT,86.67,694491,Unknown,Unpatched Software,Firewall,65,124.7964336,Slow
Australia,2015,DDoS,Education,51.54,297721,Nation-state,Weak Passwords,Antivirus,29,173.1150977,Moderate
China,2024,SQL Injection,Education,13.61,394335,Unknown,Zero-day,Encryption,43,34.51380172,Slow
Japan,2016,Man-in-the-Middle,IT,57.14,590262,Insider,Unpatched Software,Antivirus,15,96.80446988,Moderate
Germany,2015,DDoS,IT,91.79,846200,Unknown,Social Engineering,AI-based Detection,26,108.4731742,Moderate
Japan,2017,Phishing,Telecommunications,89.85,44385,Hacker Group,Weak Passwords,AI-based Detection,18,2024.332545,Moderate
UK,2021,Phishing,Banking,44.7,408446,Insider,Social Engineering,VPN,43,109.4391915,Slow
UK,2023,DDoS,Education,54,806965,Insider,Social Engineering,AI-based Detection,56,66.91740038,Slow
Russia,2018,Ransomware,Education,79.93,587346,Hacker Group,Social Engineering,Antivirus,39,136.0867359,Slow
Japan,2015,Phishing,Education,2.43,552342,Unknown,Zero-day,VPN,62,4.399448168,Slow
France,2019,DDoS,Education,66.65,47104,Insider,Social Engineering,VPN,5,1414.954144,Fast
USA,2016,DDoS,Retail,13.83,586557,Hacker Group,Social Engineering,AI-based Detection,37,23.57827117,Slow
Russia,2017,Malware,Government,2.65,500857,Hacker Group,Zero-day,VPN,35,5.290931344,Moderate
USA,2022,Man-in-the-Middle,Banking,65.51,977913,Hacker Group,Weak Passwords,Antivirus,70,66.98959928,Slow
France,2021,Malware,Telecommunications,68.64,894858,Hacker Group,Social Engineering,Firewall,19,76.70490737,Moderate
UK,2018,Man-in-the-Middle,IT,75.81,574089,Unknown,Unpatched Software,Firewall,32,132.0526957,Moderate
USA,2015,DDoS,Healthcare,62.99,232622,Nation-state,Weak Passwords,Antivirus,33,270.7826431,Moderate
India,2015,Malware,Retail,89.95,917351,Unknown,Zero-day,Encryption,43,98.05407091,Slow
Australia,2024,SQL Injection,IT,98.31,694333,Insider,Unpatched Software,VPN,48,141.5891222,Slow
India,2017,Ransomware,Government,38.87,968822,Nation-state,Weak Passwords,Antivirus,25,40.12088908,Moderate
Brazil,2015,DDoS,Banking,18.87,976838,Unknown,Weak Passwords,Firewall,65,19.31743032,Slow
Australia,2019,DDoS,Education,54.63,22739,Insider,Unpatched Software,Firewall,44,2402.48032,Slow
UK,2015,Man-in-the-Middle,Retail,7.92,657442,Nation-state,Social Engineering,Firewall,29,12.04669005,Moderate
Brazil,2018,Phishing,Education,57.59,257681,Nation-state,Zero-day,Antivirus,40,223.4933891,Slow
Japan,2021,Man-in-the-Middle,Retail,9.97,536471,Hacker Group,Weak Passwords,Encryption,72,18.58441556,Slow
France,2015,Ransomware,IT,84.02,824619,Unknown,Social Engineering,Firewall,21,101.8894787,Moderate
Russia,2016,SQL Injection,Government,77.94,538804,Hacker Group,Weak Passwords,VPN,43,144.6537145,Slow
Japan,2023,Phishing,Healthcare,49.32,463704,Hacker Group,Weak Passwords,Firewall,14,106.3609544,Moderate
China,2021,Man-in-the-Middle,Telecommunications,66.61,596341,Insider,Weak Passwords,AI-based Detection,9,111.6978373,Fast
Brazil,2020,Malware,Retail,89.71,529588,Nation-state,Weak Passwords,AI-based Detection,65,169.3958322,Slow
Germany,2018,Man-in-the-Middle,Retail,43.28,22241,Hacker Group,Zero-day,Firewall,5,1945.955667,Fast
Brazil,2020,Phishing,Banking,21.65,434936,Hacker Group,Zero-day,Encryption,24,49.77743852,Moderate
Japan,2019,Malware,IT,33.61,52191,Nation-state,Weak Passwords,Antivirus,72,643.980763,Slow
Australia,2015,Malware,Banking,8.24,242247,Insider,Social Engineering,Antivirus,29,34.01486912,Moderate
Brazil,2020,Phishing,Banking,34.5,372427,Insider,Weak Passwords,VPN,72,92.63560376,Slow
Brazil,2021,Ransomware,Healthcare,67.25,796351,Nation-state,Weak Passwords,AI-based Detection,21,84.44768701,Moderate
Japan,2020,SQL Injection,Telecommunications,38.29,505831,Hacker Group,Social Engineering,Encryption,40,75.69721903,Slow
Germany,2020,Malware,Government,32.59,743344,Insider,Zero-day,VPN,4,43.8424202,Fast
China,2017,Phishing,Healthcare,70.4,651809,Unknown,Unpatched Software,Firewall,17,108.0071002,Moderate
Brazil,2023,SQL Injection,Telecommunications,31.54,839281,Insider,Weak Passwords,Encryption,25,37.57978555,Moderate
Brazil,2018,SQL Injection,Retail,84.79,99876,Insider,Unpatched Software,Firewall,56,848.9527013,Slow
UK,2016,SQL Injection,Telecommunications,98.39,836521,Insider,Weak Passwords,Firewall,19,117.6180873,Moderate
Japan,2022,SQL Injection,Retail,43.73,392831,Nation-state,Weak Passwords,AI-based Detection,71,111.3201351,Slow
China,2015,Ransomware,Government,86.88,99312,Unknown,Zero-day,AI-based Detection,60,874.818753,Slow
Japan,2017,Malware,Education,26.24,945147,Insider,Zero-day,AI-based Detection,20,27.7628771,Moderate
USA,2018,DDoS,IT,26.29,943039,Insider,Zero-day,Firewall,28,27.87795627,Moderate
Brazil,2016,Malware,Retail,76.81,670642,Unknown,Unpatched Software,AI-based Detection,10,114.5320454,Fast
USA,2016,Malware,Banking,36.2,194553,Hacker Group,Social Engineering,AI-based Detection,48,186.0675497,Slow
China,2022,Ransomware,Education,49.56,257224,Hacker Group,Social Engineering,Firewall,46,192.6725344,Slow
India,2019,DDoS,Banking,58.96,891815,Unknown,Weak Passwords,Antivirus,19,66.11236635,Moderate
China,2020,Ransomware,Banking,98.05,168617,Hacker Group,Unpatched Software,VPN,16,581.4953415,Moderate
UK,2016,Ransomware,Government,83.67,701152,Nation-state,Social Engineering,Firewall,53,119.3321847,Slow
USA,2023,SQL Injection,Banking,30.66,749609,Nation-state,Zero-day,AI-based Detection,28,40.90132322,Moderate
UK,2024,Man-in-the-Middle,Government,86.74,658712,Hacker Group,Unpatched Software,VPN,25,131.6812203,Moderate
China,2022,DDoS,Retail,77.74,642501,Hacker Group,Zero-day,AI-based Detection,19,120.9959206,Moderate
Australia,2017,Malware,Banking,92.65,817255,Hacker Group,Weak Passwords,Antivirus,62,113.3673089,Slow
China,2021,Ransomware,Government,5.96,92237,Nation-state,Weak Passwords,AI-based Detection,47,64.61615187,Slow
Australia,2023,Man-in-the-Middle,Telecommunications,66.91,156195,Nation-state,Unpatched Software,Firewall,58,428.3747879,Slow
India,2016,Man-in-the-Middle,IT,23.38,618125,Nation-state,Zero-day,VPN,16,37.82406471,Moderate
Australia,2021,Man-in-the-Middle,Banking,82.04,828293,Insider,Weak Passwords,Antivirus,64,99.04707634,Slow
Brazil,2017,Malware,Telecommunications,6.09,436100,Unknown,Zero-day,Encryption,12,13.964687,Fast
USA,2020,DDoS,Retail,14.12,787194,Unknown,Zero-day,VPN,51,17.93712859,Slow
France,2021,Phishing,Retail,31.52,380086,Nation-state,Social Engineering,Encryption,65,82.92860037,Slow
India,2024,Malware,Healthcare,13.74,330581,Unknown,Zero-day,AI-based Detection,54,41.56318724,Slow
Australia,2017,SQL Injection,IT,99.99,672966,Hacker Group,Zero-day,Firewall,13,148.5810576,Moderate
India,2022,Malware,Telecommunications,19.56,772330,Hacker Group,Unpatched Software,Encryption,20,25.3259617,Moderate
Japan,2018,Man-in-the-Middle,Telecommunications,81.61,255844,Insider,Unpatched Software,Encryption,8,318.983443,Fast
Germany,2017,Ransomware,Government,80.7,107009,Nation-state,Social Engineering,Encryption,67,754.142175,Slow
Japan,2020,SQL Injection,Retail,10.41,872095,Nation-state,Unpatched Software,Firewall,44,11.93677294,Slow
France,2015,DDoS,Banking,85.36,50427,Hacker Group,Zero-day,Encryption,5,1692.743967,Fast
USA,2017,Phishing,Retail,15.24,599197,Unknown,Zero-day,AI-based Detection,8,25.43403922,Fast
Brazil,2022,Malware,Telecommunications,40.08,459643,Nation-state,Weak Passwords,Antivirus,10,87.1981081,Fast
China,2021,DDoS,Telecommunications,10.2,950257,Nation-state,Weak Passwords,AI-based Detection,61,10.73393829,Slow
Australia,2022,Phishing,Healthcare,72.53,496317,Hacker Group,Weak Passwords,Antivirus,62,146.136441,Slow
Brazil,2017,Man-in-the-Middle,Healthcare,96.36,596078,Hacker Group,Weak Passwords,Encryption,10,161.6566959,Fast
Brazil,2019,Ransomware,Banking,88.63,701522,Insider,Social Engineering,VPN,10,126.3395874,Fast
India,2015,Man-in-the-Middle,Healthcare,37.15,357124,Nation-state,Weak Passwords,Antivirus,31,104.0254925,Moderate
Germany,2022,SQL Injection,Government,47.92,112688,Nation-state,Social Engineering,VPN,15,425.244924,Moderate
India,2018,Phishing,Retail,14.46,743107,Hacker Group,Social Engineering,VPN,49,19.45883971,Slow
India,2022,Man-in-the-Middle,Banking,32.47,947465,Unknown,Unpatched Software,AI-based Detection,69,34.27039521,Slow
Japan,2019,Ransomware,Government,81.97,358572,Hacker Group,Weak Passwords,VPN,48,228.6012293,Slow
India,2024,Malware,IT,92.08,430701,Hacker Group,Unpatched Software,VPN,54,213.7910058,Slow
Russia,2021,DDoS,Banking,94.48,281900,Hacker Group,Zero-day,Antivirus,1,335.15431,Fast
Australia,2021,Malware,IT,84.74,391257,Hacker Group,Zero-day,AI-based Detection,66,216.5839844,Slow
China,2019,Man-in-the-Middle,Banking,81.8,277875,Nation-state,Social Engineering,Antivirus,43,294.3769681,Slow
Japan,2015,DDoS,IT,33.27,207244,Hacker Group,Zero-day,Antivirus,38,160.5354075,Slow
India,2018,Malware,Healthcare,66.96,294133,Insider,Social Engineering,VPN,20,227.6521166,Moderate
Brazil,2023,Ransomware,Telecommunications,71.4,66852,Hacker Group,Weak Passwords,VPN,58,1068.030874,Slow
China,2024,Ransomware,Telecommunications,67.47,54722,Nation-state,Social Engineering,Encryption,13,1232.959322,Moderate
Australia,2022,Phishing,Education,17.32,178951,Nation-state,Weak Passwords,Antivirus,26,96.7862711,Moderate
USA,2020,Ransomware,Healthcare,17.24,682791,Insider,Social Engineering,Encryption,44,25.24930762,Slow
Russia,2016,SQL Injection,Education,17.05,888205,Nation-state,Weak Passwords,AI-based Detection,38,19.19601894,Slow
France,2022,Phishing,IT,52.19,794901,Insider,Zero-day,VPN,26,65.65597477,Moderate
France,2018,DDoS,Government,27.44,978683,Insider,Zero-day,VPN,35,28.03767921,Moderate
Australia,2015,Phishing,Telecommunications,73.77,639279,Nation-state,Zero-day,VPN,44,115.3956254,Slow
UK,2020,Malware,Retail,10.94,675338,Hacker Group,Weak Passwords,VPN,54,16.19929576,Slow
Australia,2021,Man-in-the-Middle,Government,42.24,147589,Insider,Unpatched Software,Antivirus,31,286.2001911,Moderate
Australia,2017,DDoS,Government,82.39,646824,Hacker Group,Zero-day,AI-based Detection,2,127.376226,Fast
China,2016,Phishing,Government,37.62,465317,Insider,Social Engineering,Firewall,20,80.84811,Moderate
USA,2023,Malware,IT,21.53,233379,Unknown,Unpatched Software,Antivirus,50,92.25337327,Slow
China,2023,Malware,IT,43.51,684108,Unknown,Weak Passwords,Firewall,24,63.60106884,Moderate
Russia,2020,DDoS,Healthcare,44.32,130510,Unknown,Social Engineering,AI-based Detection,66,339.590836,Slow
Brazil,2016,Man-in-the-Middle,Banking,43.45,489853,Nation-state,Zero-day,AI-based Detection,28,88.70007941,Moderate
Australia,2022,Malware,Healthcare,47.92,25905,Nation-state,Unpatched Software,VPN,40,1849.835939,Slow
Japan,2023,Malware,IT,73.74,795367,Hacker Group,Zero-day,AI-based Detection,55,92.71191789,Slow
Australia,2023,Man-in-the-Middle,Retail,93.25,349335,Nation-state,Zero-day,Firewall,27,266.9357494,Moderate
USA,2015,Ransomware,Government,13.92,366147,Hacker Group,Weak Passwords,VPN,38,38.01751755,Slow
India,2018,Phishing,Government,41.1,25094,Nation-state,Unpatched Software,VPN,42,1637.841715,Slow
Russia,2024,Phishing,Retail,44.08,988889,Nation-state,Unpatched Software,Encryption,31,44.57527589,Moderate
Japan,2022,Man-in-the-Middle,IT,65.19,216303,Hacker Group,Unpatched Software,AI-based Detection,49,301.3827825,Slow
Australia,2023,Ransomware,Healthcare,21.54,388211,Nation-state,Weak Passwords,Antivirus,22,55.48529022,Moderate
USA,2022,Man-in-the-Middle,Education,83.61,30235,Insider,Weak Passwords,Encryption,47,2765.338184,Slow
USA,2023,Malware,Banking,13.99,109083,Nation-state,Weak Passwords,Antivirus,49,128.2509649,Slow
Germany,2017,Malware,Healthcare,49.09,397361,Hacker Group,Weak Passwords,Encryption,57,123.5400555,Slow
UK,2016,Ransomware,Retail,32.16,329026,Nation-state,Weak Passwords,VPN,31,97.7430355,Moderate
Australia,2017,Man-in-the-Middle,IT,45.5,889521,Nation-state,Weak Passwords,Encryption,51,51.15112516,Slow
USA,2018,SQL Injection,Healthcare,73.16,849755,Insider,Weak Passwords,Encryption,46,86.09540397,Slow
China,2021,Phishing,Education,70.2,631101,Unknown,Zero-day,Firewall,36,111.2341765,Moderate
Japan,2016,DDoS,Healthcare,10.62,625954,Insider,Weak Passwords,AI-based Detection,71,16.96610294,Slow
Japan,2023,Man-in-the-Middle,IT,26.65,220769,Unknown,Zero-day,VPN,71,120.7144119,Slow
China,2018,SQL Injection,Healthcare,52.01,527443,Hacker Group,Unpatched Software,Firewall,24,98.60781165,Moderate
Germany,2020,DDoS,Government,32.71,846169,Hacker Group,Zero-day,VPN,59,38.65658042,Slow
China,2017,Malware,Education,47.46,783239,Unknown,Social Engineering,VPN,41,60.59453117,Slow
China,2022,Malware,Telecommunications,11.39,104772,Unknown,Social Engineering,Firewall,43,108.7122514,Slow
Germany,2015,DDoS,Telecommunications,31.68,33098,Hacker Group,Zero-day,AI-based Detection,8,957.1575322,Fast
UK,2024,Man-in-the-Middle,Healthcare,65.78,512847,Insider,Social Engineering,Encryption,72,128.2643751,Slow
Australia,2018,SQL Injection,Banking,71.01,840106,Insider,Weak Passwords,VPN,44,84.52504803,Slow
Brazil,2024,SQL Injection,Healthcare,69.57,269458,Insider,Zero-day,Firewall,15,258.184949,Moderate
Germany,2021,Ransomware,Healthcare,66.84,242893,Nation-state,Zero-day,Antivirus,50,275.1828995,Slow
Russia,2018,Phishing,Education,5.25,605947,Insider,Zero-day,Firewall,13,8.66412409,Moderate
Japan,2018,SQL Injection,Education,60.57,468399,Nation-state,Zero-day,VPN,56,129.3128294,Slow
India,2015,Ransomware,IT,61.68,503774,Hacker Group,Zero-day,Firewall,37,122.4358542,Slow
France,2021,Phishing,Retail,45.74,754278,Insider,Social Engineering,Firewall,46,60.6407717,Slow
Japan,2019,SQL Injection,IT,89.81,126120,Unknown,Social Engineering,Encryption,39,712.0995877,Slow
UK,2018,Malware,IT,73.27,210024,Hacker Group,Weak Passwords,Antivirus,20,348.8648916,Moderate
France,2022,DDoS,Banking,51.33,970775,Insider,Unpatched Software,AI-based Detection,21,52.87528006,Moderate
France,2017,Ransomware,Education,19.84,832471,Insider,Social Engineering,Firewall,54,23.83266204,Slow
India,2024,Phishing,IT,97.25,165316,Unknown,Zero-day,Encryption,61,588.2673183,Slow
Australia,2016,DDoS,Retail,2.96,990886,Insider,Weak Passwords,AI-based Detection,59,2.987225574,Slow
UK,2021,Malware,Telecommunications,82.28,370146,Nation-state,Zero-day,VPN,55,222.2906637,Slow
China,2021,Man-in-the-Middle,Retail,49.59,284823,Unknown,Social Engineering,Antivirus,50,174.1081303,Slow
UK,2016,Malware,Healthcare,65.14,742857,Nation-state,Weak Passwords,Antivirus,49,87.6884784,Slow
Brazil,2024,DDoS,Healthcare,70,484101,Hacker Group,Unpatched Software,VPN,9,144.5979248,Fast
UK,2015,Ransomware,Telecommunications,22.58,368441,Hacker Group,Weak Passwords,AI-based Detection,71,61.28525327,Slow
Russia,2019,Malware,Banking,55.42,945465,Unknown,Weak Passwords,Firewall,5,58.61665953,Fast
USA,2016,DDoS,Healthcare,27.08,551900,Unknown,Social Engineering,VPN,17,49.06685994,Moderate
UK,2021,Malware,Banking,73.02,731722,Hacker Group,Weak Passwords,VPN,28,99.79199751,Moderate
Germany,2018,Phishing,Banking,88.73,436597,Insider,Unpatched Software,AI-based Detection,33,203.2308971,Moderate
France,2020,DDoS,Education,16.35,728830,Insider,Zero-day,AI-based Detection,45,22.43321488,Slow
USA,2022,Ransomware,IT,85.61,826018,Hacker Group,Weak Passwords,Firewall,24,103.6418093,Moderate
Russia,2020,Ransomware,Telecommunications,76.61,791323,Insider,Unpatched Software,Encryption,40,96.81255315,Slow
USA,2015,SQL Injection,Banking,42.77,117454,Insider,Unpatched Software,Firewall,19,364.1425579,Moderate
Japan,2023,Ransomware,Retail,95.3,986882,Hacker Group,Weak Passwords,Encryption,45,96.56676279,Slow
France,2016,Phishing,IT,78.12,770227,Unknown,Zero-day,Antivirus,20,101.4246449,Moderate
China,2024,SQL Injection,Government,21.33,997411,Nation-state,Social Engineering,Antivirus,25,21.38536671,Moderate
Japan,2020,Malware,Education,66.93,640603,Hacker Group,Unpatched Software,VPN,23,104.4796855,Moderate
Brazil,2024,Phishing,Telecommunications,81.54,499671,Hacker Group,Weak Passwords,VPN,4,163.1873773,Fast
India,2020,Phishing,Retail,12.64,805905,Nation-state,Social Engineering,Firewall,54,15.68423077,Slow
France,2017,Phishing,Retail,43.2,377252,Nation-state,Unpatched Software,Encryption,8,114.5123154,Fast
USA,2018,Ransomware,Retail,20.58,653168,Unknown,Weak Passwords,AI-based Detection,3,31.50797345,Fast
Brazil,2017,Phishing,IT,26.62,955790,Nation-state,Zero-day,Encryption,44,27.85130625,Slow
USA,2018,Phishing,Telecommunications,15.56,734448,Unknown,Social Engineering,Encryption,37,21.18597913,Slow
China,2021,Ransomware,Retail,12.97,425647,Unknown,Zero-day,Antivirus,4,30.47125905,Fast
France,2019,SQL Injection,Banking,98.04,278315,Unknown,Unpatched Software,VPN,3,352.2627239,Fast
UK,2020,Man-in-the-Middle,Telecommunications,63.35,294447,Unknown,Zero-day,AI-based Detection,54,215.1490761,Slow
Brazil,2020,DDoS,Education,26.57,384988,Insider,Zero-day,AI-based Detection,19,69.01513813,Moderate
Japan,2020,Man-in-the-Middle,Education,29.58,141411,Insider,Unpatched Software,AI-based Detection,58,209.1775039,Slow
France,2023,Phishing,Healthcare,72.54,581712,Insider,Social Engineering,VPN,12,124.7008829,Fast
UK,2020,Ransomware,Education,35.16,100749,Unknown,Zero-day,Firewall,62,348.9860942,Slow
Russia,2019,Malware,Education,56.94,217880,Nation-state,Unpatched Software,VPN,48,261.3365155,Slow
France,2023,Man-in-the-Middle,Telecommunications,99.71,357542,Hacker Group,Zero-day,Antivirus,21,278.8763278,Moderate
UK,2021,Malware,Telecommunications,77.18,347426,Hacker Group,Zero-day,Antivirus,36,222.1480258,Moderate
France,2018,Man-in-the-Middle,Education,36.92,829140,Nation-state,Unpatched Software,Encryption,2,44.52806522,Fast
France,2017,SQL Injection,Healthcare,42.8,683189,Unknown,Zero-day,VPN,19,62.64737869,Moderate
India,2019,Ransomware,Banking,89.41,453441,Hacker Group,Unpatched Software,VPN,29,197.1811107,Moderate
Australia,2017,Malware,IT,33.34,673439,Insider,Weak Passwords,Firewall,13,49.5070823,Moderate
Brazil,2016,SQL Injection,Telecommunications,13.94,832297,Nation-state,Weak Passwords,AI-based Detection,69,16.74882884,Slow
India,2018,Phishing,IT,13.05,400964,Nation-state,Weak Passwords,VPN,19,32.54656278,Moderate
France,2019,DDoS,Telecommunications,52.94,192293,Nation-state,Weak Passwords,VPN,57,275.3090336,Slow
Russia,2019,Man-in-the-Middle,Banking,26.02,565292,Insider,Unpatched Software,Antivirus,27,46.02930875,Moderate
Brazil,2016,Phishing,Education,9.23,774750,Nation-state,Social Engineering,Firewall,70,11.91352049,Slow
France,2022,Phishing,IT,78.2,666996,Insider,Weak Passwords,Encryption,59,117.2420824,Slow
Germany,2016,Malware,Healthcare,94.12,21382,Unknown,Weak Passwords,Encryption,21,4401.833318,Moderate
Germany,2021,Phishing,Telecommunications,55.14,463525,Nation-state,Unpatched Software,AI-based Detection,59,118.957985,Slow
Russia,2022,Ransomware,Telecommunications,16.98,905673,Insider,Weak Passwords,VPN,54,18.74848869,Slow
India,2024,Man-in-the-Middle,Retail,30.59,619881,Nation-state,Unpatched Software,Antivirus,42,49.34818134,Slow
France,2015,Malware,Banking,20.27,987350,Insider,Zero-day,Antivirus,4,20.52970071,Fast
USA,2019,Phishing,Education,97.32,849084,Nation-state,Zero-day,VPN,62,114.617635,Slow
UK,2017,Man-in-the-Middle,Education,13.06,799627,Hacker Group,Weak Passwords,Antivirus,36,16.33261508,Moderate
France,2023,Man-in-the-Middle,Education,87.39,307155,Unknown,Unpatched Software,Antivirus,28,284.5143332,Moderate
Japan,2024,Ransomware,Retail,88.36,989106,Unknown,Zero-day,Firewall,3,89.33319584,Fast
India,2020,Man-in-the-Middle,Retail,84.77,129144,Hacker Group,Weak Passwords,Antivirus,25,656.3990584,Moderate
UK,2015,Malware,Government,57.81,767562,Unknown,Zero-day,Antivirus,61,75.31639138,Slow
Brazil,2015,Malware,IT,74.03,956965,Hacker Group,Unpatched Software,Encryption,40,77.35915107,Slow
Germany,2023,Phishing,Retail,87.55,291580,Unknown,Unpatched Software,Firewall,25,300.2606489,Moderate
Germany,2017,Ransomware,Education,76.96,950276,Hacker Group,Unpatched Software,Firewall,31,80.98699746,Moderate
UK,2017,Man-in-the-Middle,Telecommunications,89.07,932075,Unknown,Unpatched Software,Firewall,72,95.56097953,Slow
Germany,2015,DDoS,Healthcare,33.96,931456,Hacker Group,Zero-day,AI-based Detection,22,36.45904906,Moderate
Japan,2023,Ransomware,Retail,28.77,983880,Nation-state,Unpatched Software,Antivirus,54,29.2413709,Slow
China,2022,DDoS,Education,18.49,20680,Nation-state,Social Engineering,Firewall,29,894.1005803,Moderate
Australia,2018,Malware,Education,21.39,437056,Hacker Group,Zero-day,AI-based Detection,52,48.94109679,Slow
India,2021,Malware,Government,57.91,769222,Insider,Weak Passwords,Antivirus,32,75.28385824,Moderate
Australia,2022,Malware,Government,4.5,436928,Unknown,Social Engineering,Antivirus,34,10.29917973,Moderate
China,2021,DDoS,Healthcare,38.67,340194,Unknown,Weak Passwords,VPN,44,113.6704351,Slow
India,2019,DDoS,IT,44.01,612030,Nation-state,Unpatched Software,Antivirus,47,71.90823979,Slow
Australia,2019,Man-in-the-Middle,IT,87.89,551100,Insider,Zero-day,VPN,9,159.4810379,Fast
Brazil,2022,Phishing,IT,26.02,251768,Unknown,Social Engineering,VPN,6,103.3491151,Fast
Japan,2015,DDoS,Retail,11.69,680720,Nation-state,Zero-day,Encryption,2,17.1729933,Fast
USA,2017,DDoS,Telecommunications,51.69,156213,Nation-state,Weak Passwords,VPN,9,330.8943558,Fast
Japan,2020,Man-in-the-Middle,Retail,33.75,468856,Hacker Group,Unpatched Software,Firewall,15,71.98372208,Moderate
France,2023,Ransomware,Government,63.45,90678,Nation-state,Unpatched Software,Firewall,22,699.7287104,Moderate
UK,2022,DDoS,Retail,45.73,554585,Hacker Group,Social Engineering,VPN,63,82.45805422,Slow
China,2021,Man-in-the-Middle,Banking,33.3,935265,Nation-state,Unpatched Software,Firewall,20,35.60488204,Moderate
Japan,2023,SQL Injection,Banking,43.96,459922,Nation-state,Zero-day,Encryption,12,95.58142468,Fast
France,2017,DDoS,Healthcare,6.72,782873,Hacker Group,Zero-day,Encryption,4,8.583767738,Fast
UK,2020,Ransomware,Banking,53.03,528708,Unknown,Social Engineering,VPN,14,100.3011114,Moderate
Germany,2020,SQL Injection,Healthcare,38.89,513096,Hacker Group,Weak Passwords,VPN,57,75.79478304,Slow
Australia,2018,DDoS,Education,79.5,636407,Hacker Group,Zero-day,Encryption,11,124.920059,Fast
USA,2020,Ransomware,Retail,38.02,419557,Unknown,Weak Passwords,Antivirus,2,90.61939141,Fast
Brazil,2018,DDoS,Healthcare,47.47,784099,Insider,Social Engineering,AI-based Detection,30,60.54082456,Moderate
Japan,2024,Malware,Telecommunications,71.18,37870,Nation-state,Zero-day,AI-based Detection,31,1879.588064,Moderate
Brazil,2022,Malware,IT,4.08,291590,Hacker Group,Zero-day,Antivirus,22,13.99224939,Moderate
India,2018,SQL Injection,Telecommunications,15.96,444408,Unknown,Weak Passwords,AI-based Detection,64,35.91294486,Slow
Germany,2015,Malware,Banking,56.13,526658,Nation-state,Weak Passwords,VPN,38,106.5777032,Slow
Japan,2021,Malware,Retail,30.53,333238,Hacker Group,Social Engineering,Firewall,20,91.61620223,Moderate
Australia,2020,DDoS,Retail,31.36,449936,Insider,Weak Passwords,VPN,52,69.69880161,Slow
Germany,2023,Malware,Retail,71.05,61238,Unknown,Unpatched Software,AI-based Detection,41,1160.22731,Slow
USA,2024,Malware,Education,24.93,916209,Unknown,Zero-day,Encryption,50,27.20994882,Slow
India,2022,DDoS,Banking,13.97,762440,Nation-state,Unpatched Software,AI-based Detection,19,18.32275327,Moderate
China,2021,Malware,Banking,92.2,248859,Nation-state,Social Engineering,Antivirus,33,370.4909206,Moderate
Russia,2015,SQL Injection,IT,47.8,645774,Hacker Group,Social Engineering,Firewall,7,74.01970349,Fast
Brazil,2024,Man-in-the-Middle,Healthcare,61.55,218189,Unknown,Weak Passwords,AI-based Detection,48,282.094881,Slow
China,2015,Man-in-the-Middle,Banking,66.47,623301,Hacker Group,Social Engineering,VPN,40,106.6418953,Slow
Germany,2017,Ransomware,Education,10.32,195872,Hacker Group,Social Engineering,Antivirus,22,52.68746937,Moderate
Germany,2016,SQL Injection,IT,76.36,807745,Nation-state,Unpatched Software,AI-based Detection,71,94.53478511,Slow
France,2020,Ransomware,Healthcare,25.49,50385,Unknown,Unpatched Software,Antivirus,10,505.9045351,Fast
Brazil,2017,Malware,Telecommunications,73.71,377769,Hacker Group,Zero-day,Firewall,38,195.1192395,Slow
UK,2018,Ransomware,Telecommunications,99.41,355256,Hacker Group,Unpatched Software,Firewall,51,279.8263787,Slow
UK,2017,DDoS,Government,65.57,478549,Hacker Group,Weak Passwords,Antivirus,37,137.0183618,Slow
Germany,2022,Malware,Retail,60.85,125300,Insider,Weak Passwords,AI-based Detection,11,485.6344773,Fast
France,2018,Ransomware,Education,34.54,608196,Insider,Weak Passwords,AI-based Detection,25,56.79090293,Moderate
China,2023,Phishing,Government,43.49,27694,Unknown,Weak Passwords,Encryption,30,1570.376255,Moderate
China,2017,Man-in-the-Middle,Retail,30.38,29840,Hacker Group,Weak Passwords,AI-based Detection,63,1018.096515,Slow
Russia,2015,Phishing,Banking,4.59,720643,Unknown,Social Engineering,Firewall,19,6.369311851,Moderate
Germany,2015,Man-in-the-Middle,IT,54.54,775866,Insider,Weak Passwords,AI-based Detection,69,70.29564384,Slow
USA,2021,Phishing,Retail,95.86,671335,Hacker Group,Zero-day,Antivirus,62,142.7901122,Slow
USA,2017,DDoS,Banking,98.07,276199,Insider,Weak Passwords,Antivirus,28,355.0700763,Moderate
UK,2015,Ransomware,IT,75.49,534962,Unknown,Weak Passwords,Encryption,59,141.1128267,Slow
UK,2022,Phishing,Telecommunications,62.8,758516,Hacker Group,Zero-day,VPN,16,82.79324365,Moderate
Australia,2018,Phishing,Education,82.18,943662,Unknown,Weak Passwords,Antivirus,47,87.08626606,Slow
Germany,2019,Ransomware,Government,99.3,257068,Hacker Group,Social Engineering,AI-based Detection,17,386.2791168,Moderate
USA,2015,DDoS,Education,66.04,75167,Insider,Unpatched Software,VPN,13,878.5770351,Moderate
Germany,2017,SQL Injection,Retail,88.18,3200,Insider,Weak Passwords,AI-based Detection,43,27556.25,Slow
Japan,2018,Ransomware,IT,60.82,917016,Unknown,Weak Passwords,VPN,39,66.32381551,Slow
UK,2020,SQL Injection,Banking,40.31,760892,Hacker Group,Zero-day,VPN,22,52.97729507,Moderate
UK,2021,SQL Injection,Telecommunications,1.47,204624,Unknown,Unpatched Software,VPN,33,7.183908046,Moderate
India,2020,DDoS,Healthcare,16.65,324899,Insider,Unpatched Software,Firewall,57,51.24669513,Slow
Australia,2023,Ransomware,Government,96.44,472878,Unknown,Social Engineering,Firewall,37,203.942666,Slow
France,2022,Malware,Retail,13.77,804221,Nation-state,Zero-day,Firewall,68,17.12215921,Slow
Russia,2023,Ransomware,Banking,54.09,514319,Hacker Group,Zero-day,Firewall,37,105.1681933,Slow
USA,2016,Man-in-the-Middle,Education,2.17,180599,Insider,Social Engineering,Antivirus,4,12.01557041,Fast
China,2017,SQL Injection,Retail,61.83,129677,Hacker Group,Unpatched Software,Firewall,60,476.8000494,Slow
USA,2016,Ransomware,Telecommunications,99.88,999508,Unknown,Unpatched Software,VPN,23,99.92916515,Moderate
Australia,2019,SQL Injection,Healthcare,3.92,915247,Nation-state,Zero-day,Encryption,52,4.28299683,Slow
Japan,2015,Man-in-the-Middle,Education,50.99,685261,Nation-state,Unpatched Software,AI-based Detection,36,74.40960452,Moderate
UK,2023,DDoS,Government,34.8,48515,Hacker Group,Social Engineering,Encryption,50,717.3039266,Slow
China,2017,Man-in-the-Middle,Government,49.37,613786,Nation-state,Unpatched Software,Antivirus,24,80.43520054,Moderate
Australia,2016,DDoS,Education,61.23,228033,Nation-state,Unpatched Software,Encryption,43,268.5137677,Slow
India,2019,SQL Injection,Education,95.54,862718,Hacker Group,Weak Passwords,Antivirus,44,110.7430238,Slow
Russia,2017,Ransomware,Healthcare,16.77,924837,Hacker Group,Unpatched Software,Firewall,62,18.13292505,Slow
Japan,2018,SQL Injection,Government,20.36,876850,Insider,Weak Passwords,AI-based Detection,8,23.21947882,Fast
Germany,2017,Phishing,Banking,10.56,556014,Nation-state,Unpatched Software,Encryption,11,18.99232753,Fast
Brazil,2021,Phishing,Government,42.82,974362,Insider,Unpatched Software,Encryption,70,43.94670564,Slow
India,2017,Man-in-the-Middle,IT,68.68,725608,Insider,Zero-day,AI-based Detection,15,94.65165764,Moderate
Russia,2019,Man-in-the-Middle,Education,6.79,386691,Nation-state,Weak Passwords,AI-based Detection,20,17.55923981,Moderate
India,2017,SQL Injection,Government,40.98,402855,Insider,Social Engineering,AI-based Detection,26,101.7239453,Moderate
Japan,2018,Phishing,Healthcare,25.66,518357,Insider,Weak Passwords,Firewall,42,49.50256291,Slow
USA,2018,Phishing,Banking,29.35,724633,Hacker Group,Weak Passwords,Encryption,26,40.50326165,Moderate
Germany,2015,Ransomware,IT,6.74,742272,Nation-state,Zero-day,Antivirus,64,9.08022935,Slow
Brazil,2024,Malware,IT,83.09,650093,Unknown,Social Engineering,Antivirus,58,127.8124822,Slow
Japan,2021,Phishing,Banking,94.32,755165,Hacker Group,Social Engineering,Antivirus,28,124.8998563,Moderate
UK,2021,DDoS,IT,67.12,581923,Hacker Group,Social Engineering,VPN,63,115.3417205,Slow
Australia,2024,Man-in-the-Middle,Retail,76.83,637189,Hacker Group,Unpatched Software,Antivirus,56,120.5764695,Slow
USA,2017,DDoS,Retail,70.37,513625,Nation-state,Weak Passwords,VPN,37,137.0065709,Slow
Germany,2024,Phishing,Government,22.46,499142,Nation-state,Unpatched Software,VPN,70,44.99721522,Slow
USA,2024,Phishing,Healthcare,17.64,8334,Unknown,Zero-day,Firewall,13,2116.63067,Moderate
USA,2020,Phishing,Government,37.3,617277,Insider,Social Engineering,Antivirus,4,60.4266804,Fast
USA,2018,Man-in-the-Middle,Education,2.17,614662,Unknown,Weak Passwords,VPN,37,3.530395567,Slow
China,2024,DDoS,Banking,99.99,755185,Unknown,Weak Passwords,Encryption,20,132.4046426,Moderate
Russia,2018,DDoS,IT,37.84,839882,Nation-state,Social Engineering,AI-based Detection,7,45.05394805,Fast
Russia,2021,Ransomware,Education,86.8,852965,Nation-state,Weak Passwords,Antivirus,39,101.7626749,Slow
Brazil,2021,Man-in-the-Middle,Banking,3.69,566386,Insider,Unpatched Software,Encryption,45,6.514991543,Slow
Japan,2017,Phishing,IT,73.85,402903,Insider,Zero-day,Encryption,55,183.2947384,Slow
UK,2018,DDoS,Retail,0.5,261266,Hacker Group,Weak Passwords,Firewall,63,1.913758392,Slow
France,2015,Malware,IT,91.94,899215,Hacker Group,Weak Passwords,Antivirus,59,102.2447357,Slow
China,2023,Man-in-the-Middle,Education,35.37,455900,Hacker Group,Zero-day,Antivirus,11,77.58280325,Fast
Japan,2023,SQL Injection,Government,69.61,391049,Unknown,Weak Passwords,Antivirus,35,178.0083826,Moderate
France,2020,Ransomware,Government,81.53,694660,Unknown,Weak Passwords,Encryption,29,117.3667694,Moderate
Germany,2020,DDoS,IT,63.96,650469,Unknown,Unpatched Software,Antivirus,58,98.32905181,Slow
USA,2020,SQL Injection,IT,68.17,247149,Nation-state,Unpatched Software,Antivirus,47,275.8255142,Slow
Japan,2019,DDoS,Education,15.54,645578,Insider,Weak Passwords,AI-based Detection,56,24.07145225,Slow
Germany,2019,SQL Injection,Government,67.05,848517,Unknown,Unpatched Software,Antivirus,16,79.02021998,Moderate
France,2019,Malware,Healthcare,25.19,897755,Hacker Group,Social Engineering,Antivirus,61,28.05888021,Slow
USA,2023,Ransomware,Government,93.34,999635,Nation-state,Weak Passwords,Firewall,24,93.37408154,Moderate
Brazil,2017,Phishing,Government,87.27,767721,Unknown,Weak Passwords,Encryption,9,113.6741082,Fast
India,2019,Phishing,IT,33.15,629687,Unknown,Social Engineering,Firewall,53,52.64520309,Slow
India,2021,Phishing,Retail,38.5,517843,Unknown,Unpatched Software,VPN,69,74.34685802,Slow
Russia,2015,DDoS,Healthcare,20.92,807631,Nation-state,Weak Passwords,Firewall,56,25.90291854,Slow
France,2024,Phishing,Retail,98.95,354954,Nation-state,Social Engineering,AI-based Detection,14,278.7685165,Moderate
Japan,2017,SQL Injection,Healthcare,54.26,839368,Insider,Unpatched Software,Antivirus,40,64.64387492,Slow
Australia,2018,DDoS,Healthcare,10.77,910081,Nation-state,Zero-day,VPN,28,11.83411147,Moderate
USA,2024,Phishing,IT,87.42,979700,Hacker Group,Weak Passwords,Firewall,49,89.23139737,Slow
China,2019,Man-in-the-Middle,Telecommunications,58.78,586131,Nation-state,Unpatched Software,Antivirus,68,100.2847486,Slow
Australia,2017,Phishing,Education,82.47,317988,Nation-state,Zero-day,Encryption,2,259.3494094,Fast
India,2018,Ransomware,Government,43.11,11241,Hacker Group,Weak Passwords,VPN,4,3835.068054,Fast
Brazil,2016,Phishing,Education,97.98,381599,Unknown,Weak Passwords,Encryption,66,256.7616791,Slow
USA,2016,SQL Injection,Education,16.5,347293,Nation-state,Unpatched Software,Firewall,65,47.5103155,Slow
UK,2023,Ransomware,IT,86.23,82321,Unknown,Zero-day,Firewall,47,1047.484846,Slow
Germany,2023,SQL Injection,Retail,49.76,460558,Nation-state,Zero-day,VPN,61,108.0428524,Slow
Germany,2022,Man-in-the-Middle,Telecommunications,62.83,828280,Hacker Group,Social Engineering,VPN,62,75.85599073,Slow
India,2020,Malware,Education,20.14,287352,Unknown,Zero-day,Firewall,69,70.08825413,Slow
Australia,2020,Ransomware,Government,25.9,946651,Insider,Unpatched Software,VPN,67,27.35960771,Slow
Japan,2017,Phishing,Education,88.43,954423,Unknown,Unpatched Software,Firewall,6,92.65283842,Fast
Australia,2022,Ransomware,Banking,32.56,979382,Nation-state,Social Engineering,Antivirus,43,33.24545479,Slow
Brazil,2017,DDoS,Government,58.67,12372,Nation-state,Social Engineering,Encryption,29,4742.159715,Moderate
Japan,2017,Phishing,IT,6.49,195044,Unknown,Unpatched Software,AI-based Detection,20,33.27454318,Moderate
Japan,2019,Ransomware,Telecommunications,34.93,721984,Nation-state,Weak Passwords,VPN,44,48.38057353,Slow
UK,2022,DDoS,Education,71.55,654253,Insider,Weak Passwords,VPN,35,109.3613633,Moderate
Brazil,2015,Malware,Healthcare,23.01,686119,Insider,Weak Passwords,VPN,25,33.5364565,Moderate
Australia,2017,Man-in-the-Middle,Healthcare,93.91,776634,Unknown,Weak Passwords,Encryption,33,120.919249,Moderate
India,2020,Ransomware,IT,41.09,698224,Insider,Unpatched Software,VPN,21,58.8493091,Moderate
Germany,2023,Malware,Government,86.77,88821,Unknown,Zero-day,Antivirus,39,976.908614,Slow
Russia,2022,Man-in-the-Middle,Banking,53.95,846546,Unknown,Unpatched Software,VPN,51,63.72955516,Slow
Brazil,2016,Man-in-the-Middle,Retail,14.04,117819,Nation-state,Zero-day,Antivirus,15,119.1658391,Moderate
Russia,2021,Man-in-the-Middle,IT,70.97,465446,Unknown,Unpatched Software,Encryption,51,152.4774088,Slow
Brazil,2015,Malware,Healthcare,75.72,184554,Unknown,Zero-day,AI-based Detection,39,410.2864202,Slow
USA,2022,Phishing,IT,48.71,520480,Insider,Weak Passwords,VPN,66,93.58668921,Slow
Brazil,2020,Malware,Government,50.61,294668,Nation-state,Social Engineering,Encryption,17,171.7526165,Moderate
USA,2017,Man-in-the-Middle,Healthcare,54.54,892665,Insider,Unpatched Software,VPN,31,61.09794828,Moderate
USA,2018,Ransomware,Healthcare,87.42,80926,Hacker Group,Unpatched Software,Antivirus,19,1080.246151,Moderate
UK,2016,Ransomware,Education,80.77,884536,Insider,Zero-day,Encryption,34,91.31341178,Moderate
Brazil,2015,SQL Injection,Healthcare,3.73,445422,Unknown,Unpatched Software,AI-based Detection,70,8.374081208,Slow
Russia,2020,Ransomware,Government,52.28,376628,Unknown,Zero-day,Firewall,30,138.8107098,Moderate
Brazil,2016,Man-in-the-Middle,Banking,70.89,378949,Unknown,Weak Passwords,AI-based Detection,67,187.0700279,Slow
Japan,2023,Phishing,IT,35.27,26036,Hacker Group,Weak Passwords,VPN,71,1354.662775,Slow
USA,2020,DDoS,Government,40.98,191369,Insider,Unpatched Software,Firewall,65,214.1412663,Slow
India,2017,Phishing,IT,93.62,899005,Insider,Weak Passwords,AI-based Detection,61,104.1373519,Slow
France,2021,Man-in-the-Middle,Education,20.57,119348,Nation-state,Unpatched Software,Firewall,48,172.3531186,Slow
Japan,2017,Man-in-the-Middle,Telecommunications,21.8,610106,Unknown,Social Engineering,Encryption,39,35.73149584,Slow
USA,2015,SQL Injection,Education,28.19,239853,Insider,Unpatched Software,Encryption,64,117.5303207,Slow
Germany,2015,Ransomware,Telecommunications,99.83,419344,Hacker Group,Zero-day,Firewall,59,238.0623068,Slow
Germany,2023,SQL Injection,Healthcare,45.85,428415,Hacker Group,Zero-day,Antivirus,69,107.0223965,Slow
France,2021,Malware,Banking,47.14,169113,Insider,Weak Passwords,VPN,55,278.7485291,Slow
Russia,2015,Phishing,Government,24.06,867302,Unknown,Social Engineering,Firewall,55,27.74120203,Slow
France,2020,DDoS,IT,63.87,821848,Insider,Unpatched Software,Firewall,60,77.7151006,Slow
Australia,2020,Malware,Government,35.96,982719,Unknown,Social Engineering,Encryption,26,36.59235244,Moderate
Japan,2015,DDoS,Education,76.22,769794,Nation-state,Zero-day,AI-based Detection,29,99.01350231,Moderate
USA,2023,Phishing,IT,29.42,957199,Hacker Group,Social Engineering,AI-based Detection,49,30.73551059,Slow
Russia,2020,Ransomware,Education,65.73,431174,Unknown,Weak Passwords,Encryption,24,152.4442568,Moderate
UK,2015,Ransomware,Education,44.39,483598,Insider,Zero-day,Antivirus,29,91.79111576,Moderate
Japan,2020,Malware,IT,80.49,661385,Hacker Group,Zero-day,Encryption,26,121.6991616,Moderate
UK,2018,Malware,Education,60.13,878362,Nation-state,Unpatched Software,Antivirus,57,68.45696877,Slow
Australia,2020,Man-in-the-Middle,Healthcare,56.14,401178,Hacker Group,Unpatched Software,Encryption,43,139.9378829,Slow
India,2018,Ransomware,Healthcare,11.57,144533,Unknown,Social Engineering,Encryption,67,80.05092263,Slow
USA,2017,Ransomware,Government,89.9,828963,Unknown,Zero-day,Firewall,2,108.4487486,Fast
Russia,2018,Man-in-the-Middle,Government,63.82,554294,Unknown,Unpatched Software,AI-based Detection,42,115.1374541,Slow
UK,2019,Man-in-the-Middle,Banking,22.94,844953,Unknown,Weak Passwords,Antivirus,53,27.14943908,Slow
Brazil,2020,Phishing,IT,94.02,581813,Unknown,Social Engineering,Encryption,20,161.5983142,Moderate
Japan,2017,Malware,Banking,9.76,122728,Unknown,Zero-day,AI-based Detection,7,79.52545466,Fast
Japan,2020,DDoS,Education,39.33,267631,Hacker Group,Zero-day,AI-based Detection,12,146.9560701,Fast
France,2019,SQL Injection,Retail,3.87,755230,Insider,Weak Passwords,AI-based Detection,31,5.12426678,Moderate
France,2018,Malware,Retail,80.37,339119,Unknown,Unpatched Software,Encryption,29,236.9964526,Moderate
France,2015,SQL Injection,Government,14.72,540718,Insider,Zero-day,AI-based Detection,6,27.22306267,Fast
France,2024,DDoS,Government,85.88,546017,Unknown,Social Engineering,Encryption,14,157.2844802,Moderate
India,2024,SQL Injection,Retail,48.83,96083,Unknown,Weak Passwords,Firewall,17,508.2064465,Moderate
Australia,2019,Man-in-the-Middle,Retail,60.04,366318,Nation-state,Unpatched Software,VPN,35,163.9013098,Moderate
China,2017,Malware,IT,86.98,510454,Nation-state,Zero-day,VPN,18,170.3973326,Moderate
Germany,2023,Phishing,Government,12.62,68551,Nation-state,Weak Passwords,Firewall,55,184.0965121,Slow
Russia,2024,Ransomware,Healthcare,63.74,83374,Insider,Zero-day,VPN,45,764.5069206,Slow
USA,2016,Man-in-the-Middle,Banking,20.44,981595,Nation-state,Weak Passwords,Encryption,56,20.82325195,Slow
France,2020,Phishing,Banking,13.38,934436,Unknown,Unpatched Software,Firewall,64,14.31879765,Slow
India,2020,Ransomware,Healthcare,79.48,461093,Hacker Group,Zero-day,Firewall,42,172.3730354,Slow
Japan,2019,SQL Injection,Retail,86.79,214195,Nation-state,Zero-day,Antivirus,54,405.1915311,Slow
Germany,2021,SQL Injection,Education,17.55,519698,Insider,Social Engineering,Encryption,30,33.76961235,Moderate
Japan,2017,Man-in-the-Middle,Healthcare,16.71,393738,Nation-state,Zero-day,Antivirus,69,42.43938863,Slow
USA,2015,DDoS,Government,41.75,327171,Unknown,Unpatched Software,VPN,41,127.6091096,Slow
Japan,2022,DDoS,Telecommunications,94.79,534069,Nation-state,Social Engineering,Antivirus,6,177.4864297,Fast
France,2022,SQL Injection,Government,68.53,812679,Nation-state,Zero-day,Encryption,67,84.32603771,Slow
UK,2023,Malware,Education,23.86,552241,Hacker Group,Zero-day,Encryption,50,43.20577429,Slow
China,2020,SQL Injection,Banking,80.98,708357,Unknown,Weak Passwords,Antivirus,49,114.3208862,Slow
USA,2018,Man-in-the-Middle,Government,51.41,491008,Hacker Group,Weak Passwords,Encryption,50,104.7029784,Slow
Germany,2016,Phishing,Telecommunications,99.98,761576,Insider,Unpatched Software,Antivirus,9,131.2803975,Fast
India,2020,Ransomware,Government,12.64,10206,Hacker Group,Weak Passwords,Encryption,28,1238.487164,Moderate
Australia,2021,SQL Injection,Banking,92.66,49085,Hacker Group,Weak Passwords,VPN,32,1887.745747,Moderate
Brazil,2017,DDoS,Government,18.69,131940,Nation-state,Weak Passwords,Antivirus,34,141.6552979,Moderate
UK,2021,Phishing,IT,68.5,396839,Hacker Group,Zero-day,Encryption,60,172.6140828,Slow
Germany,2020,DDoS,Banking,76.53,46824,Hacker Group,Social Engineering,VPN,39,1634.418247,Slow
Russia,2019,DDoS,IT,71.22,705326,Hacker Group,Unpatched Software,Encryption,19,100.9745848,Moderate
India,2015,Malware,Telecommunications,4.52,252949,Insider,Unpatched Software,Firewall,51,17.86921474,Slow
Russia,2021,Phishing,Government,45.97,699825,Nation-state,Unpatched Software,Antivirus,60,65.68785053,Slow
Germany,2016,Man-in-the-Middle,Banking,3.57,882784,Insider,Weak Passwords,VPN,31,4.044024359,Moderate
Australia,2022,DDoS,Education,92.06,721334,Insider,Social Engineering,VPN,31,127.624651,Moderate
Japan,2022,Malware,IT,71.15,840225,Unknown,Zero-day,Encryption,70,84.67969889,Slow
UK,2024,Ransomware,Telecommunications,9.74,118118,Unknown,Social Engineering,VPN,17,82.45991297,Moderate
Japan,2016,Phishing,Education,30.42,272199,Nation-state,Zero-day,Antivirus,29,111.7564723,Moderate
UK,2016,Ransomware,Retail,59.44,964115,Nation-state,Unpatched Software,Firewall,48,61.65239624,Slow
Brazil,2023,Man-in-the-Middle,Education,27.58,171936,Hacker Group,Weak Passwords,VPN,70,160.4085241,Slow
Japan,2022,Malware,Healthcare,73.26,841903,Unknown,Social Engineering,Firewall,7,87.01715043,Fast
Germany,2022,Man-in-the-Middle,Telecommunications,92.88,521871,Insider,Social Engineering,Encryption,6,177.9750168,Fast
Germany,2024,Malware,Government,46.25,578427,Hacker Group,Weak Passwords,Encryption,16,79.95823155,Moderate
France,2015,DDoS,Banking,51.64,538890,Nation-state,Zero-day,Antivirus,59,95.82660654,Slow
Brazil,2022,DDoS,Telecommunications,79.5,789067,Hacker Group,Unpatched Software,Firewall,63,100.7519007,Slow
UK,2022,DDoS,IT,93.96,446331,Nation-state,Unpatched Software,AI-based Detection,17,210.5164105,Moderate
France,2024,Ransomware,Government,52.85,927623,Nation-state,Weak Passwords,Firewall,29,56.97357655,Moderate
Germany,2017,DDoS,Telecommunications,84.38,724629,Insider,Unpatched Software,AI-based Detection,18,116.445795,Moderate
France,2023,Ransomware,Education,54.26,21699,Insider,Weak Passwords,AI-based Detection,32,2500.576063,Moderate
Germany,2017,SQL Injection,Healthcare,12.56,135042,Nation-state,Weak Passwords,Antivirus,13,93.00810118,Moderate
China,2020,Malware,IT,95.17,884741,Nation-state,Zero-day,Antivirus,30,107.5682036,Moderate
Australia,2023,DDoS,IT,99.62,285609,Unknown,Weak Passwords,Firewall,46,348.7985323,Slow
UK,2021,Ransomware,Government,97.5,755692,Nation-state,Social Engineering,AI-based Detection,46,129.020818,Slow
India,2023,SQL Injection,Telecommunications,80.14,241449,Unknown,Unpatched Software,Antivirus,27,331.9127435,Moderate
Japan,2017,DDoS,IT,31.5,951607,Unknown,Zero-day,AI-based Detection,58,33.10190026,Slow
Japan,2018,Phishing,Government,32.93,774050,Hacker Group,Social Engineering,Firewall,40,42.54247142,Slow
Brazil,2018,Malware,Retail,83.42,538552,Hacker Group,Weak Passwords,AI-based Detection,65,154.8968345,Slow
Australia,2021,DDoS,Retail,20.39,342951,Nation-state,Zero-day,Antivirus,72,59.45455765,Slow
China,2023,DDoS,Healthcare,92.58,974261,Hacker Group,Social Engineering,Firewall,20,95.02587089,Moderate
Brazil,2019,SQL Injection,Healthcare,91.03,86583,Unknown,Social Engineering,Firewall,47,1051.361122,Slow
Russia,2016,DDoS,Healthcare,90.94,326955,Nation-state,Zero-day,VPN,21,278.142252,Moderate
Japan,2017,DDoS,Healthcare,54.41,344772,Hacker Group,Unpatched Software,AI-based Detection,5,157.8144397,Fast
Russia,2015,Man-in-the-Middle,IT,30.93,568075,Unknown,Weak Passwords,Encryption,22,54.44703604,Moderate
China,2024,Ransomware,Government,24.43,693509,Nation-state,Unpatched Software,Firewall,70,35.22665171,Slow
India,2018,Malware,Government,25.53,505404,Insider,Zero-day,AI-based Detection,30,50.51404421,Moderate
Germany,2024,Malware,IT,51.66,570159,Hacker Group,Unpatched Software,Antivirus,18,90.60630456,Moderate
India,2020,DDoS,Telecommunications,18.18,208313,Hacker Group,Weak Passwords,Encryption,5,87.2725178,Fast
Japan,2018,Phishing,Retail,2.73,916272,Nation-state,Zero-day,Antivirus,32,2.979464613,Moderate
France,2015,Phishing,Banking,83.27,288526,Hacker Group,Unpatched Software,Encryption,66,288.6048398,Slow
Australia,2022,Malware,Government,54.17,892175,Insider,Zero-day,VPN,18,60.71678763,Moderate
France,2021,Ransomware,Retail,76.83,189999,Hacker Group,Social Engineering,VPN,57,404.3705493,Slow
UK,2023,SQL Injection,Telecommunications,78.9,716114,Insider,Weak Passwords,Firewall,63,110.1779884,Slow
France,2018,Ransomware,Education,32.5,414904,Nation-state,Unpatched Software,VPN,53,78.33137304,Slow
Germany,2019,SQL Injection,Banking,77.65,989592,Insider,Weak Passwords,Antivirus,49,78.46668122,Slow
Australia,2015,Phishing,Government,60.68,389782,Insider,Social Engineering,Firewall,45,155.6767629,Slow
Germany,2016,Malware,Healthcare,67.85,552427,Hacker Group,Zero-day,Encryption,58,122.8216579,Slow
Russia,2022,Ransomware,Retail,44.25,933418,Nation-state,Zero-day,Antivirus,15,47.40641385,Moderate
India,2016,Man-in-the-Middle,Telecommunications,42.88,934333,Insider,Unpatched Software,Firewall,60,45.89370171,Slow
Russia,2018,Malware,Telecommunications,65.81,213558,Unknown,Unpatched Software,Antivirus,37,308.1598442,Slow
Russia,2024,DDoS,Telecommunications,41.37,271388,Nation-state,Unpatched Software,Encryption,36,152.438575,Moderate
Brazil,2024,DDoS,Government,88.79,482307,Hacker Group,Zero-day,Firewall,62,184.0943631,Slow
UK,2020,Man-in-the-Middle,Telecommunications,59.32,848419,Insider,Unpatched Software,VPN,27,69.9182833,Moderate
Brazil,2019,DDoS,Government,54.7,615305,Insider,Zero-day,Antivirus,6,88.89900131,Fast
UK,2021,DDoS,Telecommunications,57.75,829827,Nation-state,Weak Passwords,Antivirus,48,69.59281874,Slow
China,2022,Man-in-the-Middle,Education,60.55,699194,Nation-state,Social Engineering,Encryption,45,86.59971338,Slow
France,2022,Malware,IT,6.51,82276,Insider,Zero-day,Firewall,26,79.12392435,Moderate
Russia,2024,Phishing,IT,47.56,234055,Unknown,Weak Passwords,VPN,64,203.2001025,Slow
India,2019,Phishing,IT,52.47,880546,Nation-state,Zero-day,VPN,39,59.58802834,Slow
China,2020,Phishing,Education,54.76,183678,Insider,Zero-day,AI-based Detection,59,298.1304239,Slow
China,2023,DDoS,Education,42.64,720850,Unknown,Social Engineering,VPN,17,59.15238954,Moderate
Germany,2023,Phishing,Banking,39.53,339645,Unknown,Weak Passwords,AI-based Detection,2,116.3862268,Fast
Japan,2017,DDoS,Telecommunications,73.27,368351,Nation-state,Zero-day,Antivirus,48,198.9135363,Slow
Australia,2024,DDoS,Banking,88.79,810930,Insider,Weak Passwords,AI-based Detection,30,109.4915714,Moderate
France,2019,DDoS,IT,13.99,966010,Unknown,Weak Passwords,Encryption,20,14.48225174,Moderate
Japan,2015,Man-in-the-Middle,Telecommunications,79.88,104759,Hacker Group,Zero-day,AI-based Detection,12,762.5120515,Fast
France,2017,Phishing,Banking,77.41,654122,Nation-state,Social Engineering,AI-based Detection,68,118.3418384,Slow
India,2020,SQL Injection,Telecommunications,87.44,731625,Nation-state,Zero-day,Antivirus,33,119.5147787,Moderate
France,2020,Ransomware,Education,47.32,848222,Insider,Unpatched Software,VPN,16,55.7872821,Moderate
India,2017,Man-in-the-Middle,Telecommunications,32.4,437554,Insider,Weak Passwords,Firewall,19,74.04800322,Moderate
India,2023,Phishing,Retail,53.07,589348,Hacker Group,Social Engineering,Antivirus,4,90.04866395,Fast
Brazil,2024,Ransomware,Retail,68.95,322146,Hacker Group,Social Engineering,Encryption,70,214.0333886,Slow
India,2020,SQL Injection,Government,42.81,432917,Hacker Group,Unpatched Software,AI-based Detection,53,98.88731558,Slow
UK,2022,DDoS,IT,53.91,64163,Unknown,Weak Passwords,AI-based Detection,7,840.2038558,Fast
France,2021,Phishing,Retail,45.67,95873,Unknown,Unpatched Software,Antivirus,50,476.3593504,Slow
Germany,2020,SQL Injection,Healthcare,62.61,205015,Nation-state,Unpatched Software,AI-based Detection,57,305.3922884,Slow
Germany,2020,SQL Injection,Telecommunications,27.52,488501,Nation-state,Social Engineering,Encryption,47,56.33560627,Slow
USA,2020,Ransomware,Retail,16.33,850758,Insider,Unpatched Software,Firewall,9,19.1946476,Fast
Brazil,2019,SQL Injection,Healthcare,67.42,703282,Insider,Weak Passwords,Encryption,2,95.86481667,Fast
Germany,2015,SQL Injection,Government,87.71,1579,Unknown,Unpatched Software,Antivirus,55,55547.81507,Slow
Germany,2023,DDoS,IT,93.72,828721,Insider,Weak Passwords,Encryption,21,113.0899301,Moderate
Germany,2017,Malware,Government,67.79,239402,Hacker Group,Zero-day,VPN,17,283.1638833,Moderate
Russia,2024,DDoS,Education,54.4,891298,Insider,Social Engineering,AI-based Detection,60,61.03458103,Slow
Australia,2024,Man-in-the-Middle,Education,86.52,915463,Insider,Weak Passwords,Antivirus,2,94.50955418,Fast
India,2018,Malware,Education,99.09,395264,Unknown,Weak Passwords,Antivirus,5,250.6932076,Fast
China,2015,Man-in-the-Middle,Healthcare,66.13,946668,Hacker Group,Unpatched Software,Encryption,67,69.85553541,Slow
USA,2023,Malware,IT,52.54,201017,Insider,Unpatched Software,Encryption,17,261.3709288,Moderate
Germany,2022,SQL Injection,IT,48,876383,Insider,Zero-day,Encryption,72,54.77057405,Slow
Australia,2022,Ransomware,Government,10.84,564944,Insider,Social Engineering,Antivirus,58,19.1877425,Slow
Russia,2023,Malware,IT,6.35,259573,Nation-state,Zero-day,Firewall,68,24.46325311,Slow
Japan,2020,DDoS,Education,99.83,10859,Nation-state,Social Engineering,AI-based Detection,66,9193.295884,Slow
Russia,2020,DDoS,Government,41.45,496378,Insider,Unpatched Software,AI-based Detection,42,83.50490956,Slow
UK,2019,Man-in-the-Middle,Education,29.92,937987,Hacker Group,Weak Passwords,VPN,45,31.89809667,Slow
India,2023,Ransomware,Education,9.32,182887,Hacker Group,Unpatched Software,Firewall,51,50.96042912,Slow
France,2017,Man-in-the-Middle,Healthcare,34.43,927694,Insider,Social Engineering,VPN,43,37.11353097,Slow
Brazil,2021,Man-in-the-Middle,Banking,81.68,893986,Insider,Unpatched Software,Firewall,47,91.36608403,Slow
USA,2018,Phishing,Retail,36.85,852789,Hacker Group,Social Engineering,VPN,4,43.21115774,Fast
Brazil,2024,Man-in-the-Middle,Healthcare,26.92,695427,Nation-state,Zero-day,Encryption,28,38.71002995,Moderate
India,2019,DDoS,Banking,35.31,961173,Insider,Social Engineering,VPN,37,36.73636276,Slow
China,2018,Man-in-the-Middle,Healthcare,11.74,430760,Nation-state,Unpatched Software,Firewall,63,27.25415545,Slow
Germany,2016,Ransomware,Telecommunications,93.93,198764,Insider,Zero-day,Encryption,40,472.5704856,Slow
Brazil,2021,Malware,Banking,34.68,786462,Unknown,Weak Passwords,Firewall,17,44.09621825,Moderate
India,2020,Malware,IT,84.43,999542,Hacker Group,Social Engineering,Encryption,15,84.46868666,Moderate
Australia,2022,Malware,Government,24.6,221315,Nation-state,Unpatched Software,VPN,53,111.1537853,Slow
Brazil,2018,SQL Injection,Education,52.7,861075,Hacker Group,Social Engineering,Encryption,7,61.20256656,Fast
Japan,2022,Phishing,Telecommunications,33.54,55209,Nation-state,Unpatched Software,VPN,11,607.5096452,Fast
India,2018,Phishing,Education,43.54,76479,Insider,Zero-day,Firewall,4,569.306607,Fast
Japan,2016,SQL Injection,Telecommunications,37.17,728731,Unknown,Weak Passwords,VPN,72,51.00647564,Slow
Japan,2017,SQL Injection,Education,36.37,161579,Nation-state,Zero-day,Firewall,15,225.0911319,Moderate
Germany,2019,SQL Injection,Government,56.53,362642,Unknown,Social Engineering,Encryption,19,155.8837642,Moderate
Brazil,2017,DDoS,Education,29.76,913276,Insider,Social Engineering,Encryption,57,32.58598715,Slow
Brazil,2019,Phishing,Government,70.6,817268,Nation-state,Zero-day,VPN,1,86.38537175,Fast
UK,2021,SQL Injection,IT,80.05,682480,Hacker Group,Zero-day,AI-based Detection,14,117.2928144,Moderate
USA,2024,DDoS,Telecommunications,15.53,298385,Hacker Group,Unpatched Software,AI-based Detection,11,52.04685222,Fast
China,2020,DDoS,Healthcare,6.32,682445,Nation-state,Social Engineering,Firewall,20,9.260819553,Moderate
India,2021,SQL Injection,Government,18.26,78277,Hacker Group,Weak Passwords,Firewall,51,233.2741418,Slow
India,2023,Man-in-the-Middle,IT,90.85,985267,Hacker Group,Unpatched Software,Firewall,48,92.20850795,Slow
Japan,2016,Man-in-the-Middle,Healthcare,2.59,603982,Hacker Group,Social Engineering,Firewall,18,4.288207264,Moderate
Japan,2021,DDoS,Banking,74.26,81354,Insider,Weak Passwords,Firewall,6,912.8008457,Fast
France,2021,Phishing,Education,78.99,542754,Insider,Zero-day,VPN,42,145.5355465,Slow
Australia,2020,Phishing,Education,85.79,905386,Hacker Group,Zero-day,Firewall,17,94.7551652,Moderate
UK,2021,Phishing,Banking,88.38,281387,Hacker Group,Social Engineering,Firewall,55,314.0870047,Slow
France,2015,Malware,Banking,30.15,205850,Insider,Unpatched Software,Firewall,72,146.4658732,Slow
Germany,2024,Malware,Telecommunications,70.44,998028,Hacker Group,Unpatched Software,Encryption,59,70.57918215,Slow
China,2015,Malware,IT,20.63,780527,Hacker Group,Zero-day,Antivirus,68,26.43086018,Slow
USA,2020,Ransomware,Telecommunications,56.37,667436,Insider,Social Engineering,AI-based Detection,11,84.457536,Fast
Japan,2022,Ransomware,Retail,71.26,440529,Insider,Weak Passwords,Encryption,20,161.7600657,Moderate
China,2023,Man-in-the-Middle,Banking,3.47,194670,Nation-state,Social Engineering,Firewall,29,17.82503724,Moderate
USA,2023,DDoS,Banking,53.59,750875,Nation-state,Weak Passwords,Encryption,30,71.37006825,Moderate
China,2020,Phishing,Retail,75.95,970373,Unknown,Social Engineering,AI-based Detection,58,78.26887187,Slow
France,2024,Phishing,Retail,44.98,827399,Nation-state,Weak Passwords,AI-based Detection,25,54.36313073,Moderate
UK,2018,Man-in-the-Middle,Education,81.01,416149,Insider,Unpatched Software,Antivirus,56,194.6658529,Slow
Germany,2015,Ransomware,IT,51.11,506625,Insider,Weak Passwords,VPN,41,100.8832963,Slow
USA,2018,Phishing,Government,38.83,333027,Hacker Group,Zero-day,VPN,19,116.5971528,Moderate
USA,2021,SQL Injection,Telecommunications,89.93,982269,Insider,Unpatched Software,Antivirus,51,91.55333213,Slow
Brazil,2024,Malware,Government,78.97,724903,Unknown,Weak Passwords,Encryption,53,108.9387132,Slow
Russia,2024,DDoS,Education,26.82,156823,Hacker Group,Social Engineering,VPN,1,171.0208324,Fast
China,2017,DDoS,Education,56.73,244753,Insider,Zero-day,VPN,45,231.7846972,Slow
Russia,2022,Malware,Retail,71.15,258554,Unknown,Social Engineering,AI-based Detection,72,275.1842942,Slow
Australia,2020,Ransomware,Telecommunications,97.9,139407,Insider,Unpatched Software,Antivirus,41,702.2602882,Slow
France,2023,Phishing,Education,5.8,206203,Hacker Group,Social Engineering,Encryption,7,28.12762181,Fast
UK,2016,SQL Injection,Government,69.55,55635,Unknown,Weak Passwords,Encryption,13,1250.112339,Moderate
Germany,2021,Ransomware,Education,11.42,55683,Hacker Group,Unpatched Software,AI-based Detection,19,205.0895246,Moderate
India,2023,Phishing,Banking,87.62,210006,Nation-state,Social Engineering,VPN,27,417.2261745,Moderate
Russia,2015,Man-in-the-Middle,Education,98.58,816455,Unknown,Unpatched Software,AI-based Detection,40,120.7414983,Slow
UK,2020,SQL Injection,IT,87.48,53147,Nation-state,Social Engineering,Antivirus,9,1646.000715,Fast
UK,2018,SQL Injection,Telecommunications,80.96,583514,Hacker Group,Zero-day,VPN,54,138.7455999,Slow
UK,2022,Ransomware,Government,85.43,688150,Unknown,Weak Passwords,Firewall,58,124.1444453,Slow
Japan,2023,Phishing,Government,3.54,809443,Insider,Weak Passwords,VPN,59,4.373377742,Slow
Japan,2024,Malware,Government,34.03,78149,Nation-state,Weak Passwords,Encryption,30,435.4502297,Moderate
Australia,2018,DDoS,Banking,64.29,113775,Insider,Weak Passwords,AI-based Detection,14,565.0626236,Moderate
India,2021,Ransomware,Banking,54.97,798498,Nation-state,Zero-day,VPN,54,68.84175039,Slow
Brazil,2016,Phishing,Education,97.45,267789,Insider,Weak Passwords,Encryption,26,363.905911,Moderate
UK,2023,SQL Injection,Telecommunications,30.19,833840,Insider,Unpatched Software,Antivirus,6,36.20598676,Fast
USA,2018,DDoS,Banking,6.61,646433,Insider,Social Engineering,Firewall,37,10.22534431,Slow
Brazil,2017,Man-in-the-Middle,Government,68.03,403770,Hacker Group,Weak Passwords,Encryption,22,168.4870099,Moderate
Germany,2018,SQL Injection,Retail,75.63,814701,Hacker Group,Social Engineering,Antivirus,63,92.83160325,Slow
China,2019,Ransomware,IT,72.29,666683,Hacker Group,Zero-day,Encryption,34,108.4323434,Moderate
Germany,2016,DDoS,Banking,44.17,236438,Hacker Group,Weak Passwords,Antivirus,24,186.8143023,Moderate
Russia,2020,DDoS,Education,60.94,798113,Insider,Social Engineering,Antivirus,23,76.3551026,Moderate
Germany,2021,Malware,Healthcare,23.34,518982,Hacker Group,Weak Passwords,VPN,20,44.97265801,Moderate
Germany,2015,DDoS,IT,76.99,252225,Unknown,Unpatched Software,Antivirus,67,305.2433343,Slow
USA,2017,SQL Injection,Government,60.66,5346,Unknown,Zero-day,Antivirus,69,11346.80135,Slow
China,2017,DDoS,Retail,19.36,4814,Unknown,Social Engineering,AI-based Detection,42,4021.603656,Slow
Brazil,2021,SQL Injection,Banking,50.61,772512,Hacker Group,Weak Passwords,Encryption,42,65.51354542,Slow
Australia,2023,Phishing,Education,81.81,16360,Nation-state,Unpatched Software,AI-based Detection,37,5000.611247,Slow
India,2024,Phishing,Telecommunications,38.68,224143,Nation-state,Social Engineering,Antivirus,60,172.568405,Slow
Russia,2023,SQL Injection,IT,52.35,743325,Insider,Weak Passwords,VPN,9,70.42679851,Fast
France,2019,Phishing,Education,81.47,597542,Unknown,Weak Passwords,VPN,11,136.3418806,Fast
Russia,2024,Malware,Education,55.15,913591,Hacker Group,Zero-day,AI-based Detection,51,60.36618137,Slow
Japan,2023,SQL Injection,IT,8.24,183702,Nation-state,Zero-day,VPN,57,44.85525471,Slow
China,2024,Ransomware,Healthcare,42.26,685837,Insider,Social Engineering,VPN,68,61.61813959,Slow
India,2015,Phishing,Healthcare,28.6,690500,Hacker Group,Weak Passwords,Encryption,11,41.4192614,Fast
India,2016,SQL Injection,Banking,4.31,520308,Insider,Zero-day,VPN,39,8.283555125,Slow
India,2020,Phishing,Education,17.43,84643,Nation-state,Unpatched Software,Antivirus,53,205.9237031,Slow
France,2023,Malware,Healthcare,85.28,762282,Hacker Group,Social Engineering,Firewall,11,111.8746081,Fast
France,2022,Malware,Education,70.46,427144,Unknown,Social Engineering,Firewall,42,164.9560804,Slow
Russia,2018,Man-in-the-Middle,Banking,86.87,800683,Nation-state,Unpatched Software,Firewall,57,108.4948725,Slow
Japan,2024,Man-in-the-Middle,Education,46.39,662101,Insider,Social Engineering,VPN,7,70.06483905,Fast
Australia,2016,Malware,IT,30.72,977343,Hacker Group,Weak Passwords,VPN,47,31.43215841,Slow
India,2021,Ransomware,Education,86.73,534013,Unknown,Unpatched Software,Firewall,49,162.4117765,Slow
China,2024,SQL Injection,Education,18.45,947933,Insider,Social Engineering,Antivirus,10,19.46340089,Fast
Australia,2017,Malware,Retail,9.25,692167,Unknown,Weak Passwords,Encryption,70,13.36382694,Slow
Japan,2023,Malware,IT,23.16,320277,Unknown,Weak Passwords,Encryption,69,72.31240457,Slow
Japan,2017,Ransomware,Retail,49.75,163062,Unknown,Unpatched Software,AI-based Detection,43,305.0986741,Slow
Australia,2017,Malware,Banking,25.76,801821,Unknown,Weak Passwords,AI-based Detection,18,32.12687121,Moderate
China,2016,Ransomware,Government,72.25,860664,Unknown,Zero-day,Firewall,10,83.94681316,Fast
Japan,2018,Man-in-the-Middle,Education,20.85,511823,Insider,Zero-day,AI-based Detection,43,40.73673907,Slow
Germany,2024,Man-in-the-Middle,IT,93.13,952299,Unknown,Weak Passwords,VPN,33,97.79491525,Moderate
India,2018,Phishing,Education,5.27,982450,Unknown,Weak Passwords,Firewall,32,5.364140669,Moderate
Australia,2024,DDoS,Retail,28.16,411083,Unknown,Weak Passwords,Firewall,30,68.50198135,Moderate
USA,2019,Man-in-the-Middle,Government,17.59,43140,Insider,Social Engineering,AI-based Detection,28,407.7422346,Moderate
UK,2018,Malware,Education,51.59,935465,Nation-state,Weak Passwords,AI-based Detection,28,55.14904352,Moderate
Germany,2018,DDoS,Banking,81.34,52799,Insider,Zero-day,AI-based Detection,38,1540.55948,Slow
China,2020,SQL Injection,Telecommunications,70.02,688312,Nation-state,Unpatched Software,VPN,48,101.7271237,Slow
France,2024,Phishing,Government,5.18,219162,Hacker Group,Unpatched Software,Encryption,23,23.63548425,Moderate
UK,2017,Man-in-the-Middle,Telecommunications,60.01,740448,Hacker Group,Weak Passwords,Encryption,26,81.04552919,Moderate
France,2016,Ransomware,Banking,62.73,596776,Nation-state,Zero-day,Firewall,17,105.1148169,Moderate
Australia,2022,SQL Injection,Telecommunications,56.2,571454,Insider,Weak Passwords,VPN,42,98.34562362,Slow
Russia,2020,DDoS,Government,72.59,787260,Insider,Weak Passwords,Firewall,15,92.20587862,Moderate
UK,2018,Malware,Healthcare,19.79,805745,Insider,Weak Passwords,Firewall,7,24.56112045,Fast
Russia,2020,SQL Injection,Telecommunications,35.02,377194,Unknown,Weak Passwords,Firewall,50,92.84347047,Slow
China,2023,Malware,Education,37.07,417554,Insider,Unpatched Software,Antivirus,35,88.77893638,Moderate
China,2019,SQL Injection,Government,65.85,252025,Hacker Group,Zero-day,Encryption,60,261.2836028,Slow
India,2015,Ransomware,Education,96.03,898251,Hacker Group,Weak Passwords,Antivirus,70,106.9077574,Slow
Brazil,2015,Man-in-the-Middle,Banking,74.27,551388,Unknown,Unpatched Software,Encryption,51,134.6964388,Slow
India,2017,DDoS,Banking,45.98,538245,Hacker Group,Weak Passwords,AI-based Detection,18,85.42578194,Moderate
India,2021,Malware,Telecommunications,50.97,838461,Nation-state,Zero-day,AI-based Detection,6,60.7899473,Fast
Brazil,2020,SQL Injection,Banking,68.05,912770,Unknown,Zero-day,AI-based Detection,67,74.55328286,Slow
India,2021,DDoS,Education,95.95,62194,Nation-state,Zero-day,AI-based Detection,12,1542.75332,Fast
UK,2023,Man-in-the-Middle,Banking,15.01,416522,Insider,Social Engineering,VPN,63,36.03651188,Slow
UK,2021,DDoS,IT,70.49,530341,Insider,Social Engineering,VPN,40,132.9144833,Slow
Japan,2022,Ransomware,IT,73.1,346939,Insider,Weak Passwords,VPN,21,210.6998637,Moderate
Russia,2021,Phishing,Banking,78.45,56333,Unknown,Social Engineering,VPN,8,1392.611791,Fast
Germany,2018,Ransomware,IT,27.51,644913,Unknown,Weak Passwords,VPN,32,42.65691651,Moderate
Japan,2017,SQL Injection,Banking,18.01,295917,Unknown,Weak Passwords,VPN,57,60.86166053,Slow
India,2020,Malware,Healthcare,20.62,54206,Insider,Unpatched Software,VPN,51,380.4006937,Slow
India,2018,DDoS,Telecommunications,47.5,423071,Unknown,Unpatched Software,Antivirus,69,112.2742991,Slow
Australia,2021,Man-in-the-Middle,Healthcare,17.62,687020,Unknown,Weak Passwords,Antivirus,48,25.64699718,Slow
USA,2020,Ransomware,Education,77.09,550317,Insider,Weak Passwords,Encryption,63,140.0828977,Slow
Germany,2021,Phishing,Banking,48,170032,Nation-state,Social Engineering,Encryption,24,282.2998024,Moderate
China,2020,SQL Injection,Healthcare,11.55,388591,Unknown,Zero-day,Antivirus,68,29.72276764,Slow
India,2023,DDoS,Healthcare,2.27,438318,Hacker Group,Unpatched Software,AI-based Detection,39,5.178888387,Slow
India,2018,DDoS,Education,1.71,63389,Insider,Unpatched Software,VPN,20,26.97628926,Moderate
USA,2015,Man-in-the-Middle,Retail,95.66,377602,Nation-state,Zero-day,Firewall,15,253.3355226,Moderate
France,2021,SQL Injection,Government,42.75,467551,Unknown,Unpatched Software,Encryption,61,91.43387566,Slow
UK,2022,Malware,Telecommunications,38.76,361529,Nation-state,Social Engineering,Firewall,67,107.2113164,Slow
Australia,2019,Man-in-the-Middle,Retail,15.21,677755,Hacker Group,Social Engineering,Firewall,52,22.4417378,Slow
UK,2022,Man-in-the-Middle,IT,66.25,303838,Nation-state,Zero-day,AI-based Detection,56,218.043826,Slow
India,2016,Ransomware,Banking,93.74,339815,Insider,Weak Passwords,Firewall,58,275.8559805,Slow
Russia,2020,Ransomware,Banking,13.66,820140,Insider,Social Engineering,VPN,63,16.65569293,Slow
Russia,2015,Ransomware,IT,49.3,879875,Insider,Zero-day,Encryption,61,56.03068618,Slow
Brazil,2022,Man-in-the-Middle,Healthcare,40.94,987320,Unknown,Zero-day,AI-based Detection,44,41.46578617,Slow
Japan,2023,SQL Injection,Government,13.51,772948,Unknown,Zero-day,VPN,43,17.47853672,Slow
Brazil,2015,Phishing,Healthcare,84.83,794914,Insider,Social Engineering,Firewall,34,106.7159466,Moderate
Brazil,2019,DDoS,Telecommunications,36.98,198563,Hacker Group,Social Engineering,Firewall,24,186.2381209,Moderate
Germany,2022,DDoS,Retail,21.45,32346,Nation-state,Unpatched Software,AI-based Detection,38,663.1422742,Slow
China,2015,Phishing,Banking,18.39,541829,Nation-state,Zero-day,Antivirus,33,33.94059749,Moderate
Russia,2024,Phishing,Telecommunications,21.22,446028,Hacker Group,Weak Passwords,VPN,37,47.57548853,Slow
France,2022,Malware,Education,13.06,759625,Insider,Social Engineering,Encryption,14,17.19269376,Moderate
Brazil,2017,Phishing,Retail,3.18,520654,Nation-state,Social Engineering,VPN,53,6.107703004,Slow
USA,2023,DDoS,IT,99.64,248383,Insider,Social Engineering,Firewall,55,401.1546684,Slow
China,2017,Man-in-the-Middle,Banking,62.39,855974,Unknown,Social Engineering,VPN,44,72.8877279,Slow
China,2020,Malware,Government,84.23,50842,Insider,Zero-day,AI-based Detection,59,1656.701153,Slow
Germany,2015,Man-in-the-Middle,Education,81.5,697275,Nation-state,Weak Passwords,Encryption,59,116.8835825,Slow
Germany,2022,Man-in-the-Middle,Telecommunications,0.54,419912,Nation-state,Zero-day,AI-based Detection,40,1.28598373,Slow
Japan,2023,Man-in-the-Middle,Banking,65.8,193620,Nation-state,Zero-day,VPN,67,339.8409255,Slow
China,2024,SQL Injection,Banking,58.32,777684,Unknown,Zero-day,VPN,31,74.99189902,Moderate
UK,2018,Malware,Healthcare,27.61,375245,Hacker Group,Social Engineering,Firewall,20,73.57859532,Moderate
China,2023,Man-in-the-Middle,IT,22.96,656090,Insider,Unpatched Software,Encryption,27,34.99519883,Moderate
Australia,2016,Man-in-the-Middle,IT,80.27,653967,Unknown,Unpatched Software,Encryption,21,122.7431965,Moderate
India,2022,SQL Injection,Education,0.83,977791,Unknown,Weak Passwords,Antivirus,15,0.848852158,Moderate
UK,2023,DDoS,Telecommunications,81.91,397687,Hacker Group,Social Engineering,VPN,65,205.9659984,Slow
France,2017,Malware,Banking,40.87,719537,Nation-state,Zero-day,AI-based Detection,23,56.80041471,Moderate
Brazil,2017,DDoS,Telecommunications,34.79,724790,Hacker Group,Unpatched Software,Firewall,64,48.00011038,Slow
France,2016,Phishing,IT,33.33,51723,Hacker Group,Weak Passwords,Encryption,23,644.3941767,Moderate
India,2023,Ransomware,Healthcare,18.26,312340,Nation-state,Zero-day,VPN,35,58.46193251,Moderate
India,2016,Man-in-the-Middle,Banking,15.28,995025,Unknown,Weak Passwords,AI-based Detection,52,15.35639808,Slow
France,2024,SQL Injection,Telecommunications,48.77,336356,Hacker Group,Unpatched Software,Encryption,2,144.9951837,Fast
France,2017,Ransomware,Retail,48.93,886212,Unknown,Weak Passwords,Encryption,67,55.21252251,Slow
Japan,2016,Ransomware,Healthcare,37.23,209358,Nation-state,Social Engineering,Firewall,25,177.8293641,Moderate
Russia,2022,DDoS,Education,69.24,495616,Nation-state,Unpatched Software,Antivirus,38,139.7049329,Slow
China,2021,SQL Injection,Government,55.55,224311,Insider,Zero-day,Firewall,57,247.6472398,Slow
Japan,2022,DDoS,IT,51.95,65516,Insider,Weak Passwords,Firewall,37,792.9360767,Slow
Germany,2024,Ransomware,Government,40.36,301972,Unknown,Weak Passwords,VPN,33,133.6547759,Moderate
Germany,2015,Phishing,Telecommunications,47.04,124250,Insider,Zero-day,AI-based Detection,64,378.5915493,Slow
USA,2018,Man-in-the-Middle,Healthcare,22.61,733934,Nation-state,Zero-day,Firewall,31,30.80658479,Moderate
Brazil,2022,Malware,IT,19.26,377446,Unknown,Zero-day,AI-based Detection,12,51.0271668,Fast
China,2021,SQL Injection,IT,98.57,430792,Insider,Weak Passwords,Antivirus,9,228.81112,Fast
UK,2015,Malware,IT,96.79,825881,Unknown,Zero-day,AI-based Detection,35,117.1960609,Moderate
USA,2020,Malware,Telecommunications,27.16,858207,Nation-state,Unpatched Software,AI-based Detection,42,31.64737645,Slow
Germany,2021,Ransomware,Healthcare,16.64,912847,Unknown,Weak Passwords,Antivirus,27,18.22868454,Moderate
UK,2018,Malware,Banking,41.34,82287,Unknown,Unpatched Software,Encryption,61,502.3879835,Slow
USA,2020,Man-in-the-Middle,Education,44.85,527938,Nation-state,Zero-day,Encryption,1,84.95315738,Fast
UK,2022,DDoS,Telecommunications,50.9,645154,Insider,Weak Passwords,AI-based Detection,16,78.89589152,Moderate
India,2018,Ransomware,Retail,26.01,732636,Hacker Group,Zero-day,VPN,3,35.50194094,Fast
Russia,2015,DDoS,Retail,69.61,26321,Nation-state,Zero-day,Encryption,11,2644.656358,Fast
Germany,2023,Ransomware,Banking,52.88,982507,Unknown,Unpatched Software,Encryption,39,53.82149949,Slow
Russia,2019,Malware,Retail,11.57,367712,Nation-state,Weak Passwords,Firewall,13,31.46484205,Moderate
Russia,2015,DDoS,Telecommunications,83.28,236346,Insider,Unpatched Software,AI-based Detection,55,352.3647534,Slow
Australia,2018,SQL Injection,Retail,51.46,287089,Nation-state,Weak Passwords,Encryption,8,179.2475504,Fast
Brazil,2024,Malware,Healthcare,50.71,964191,Unknown,Weak Passwords,VPN,36,52.59331398,Moderate
China,2016,SQL Injection,Healthcare,52.68,55913,Nation-state,Social Engineering,Antivirus,70,942.1780266,Slow
Japan,2015,Phishing,Government,98.29,850600,Insider,Zero-day,Encryption,17,115.5537268,Moderate
France,2024,Phishing,Retail,45.57,201137,Hacker Group,Zero-day,Antivirus,25,226.5619951,Moderate
Germany,2017,Malware,Healthcare,1.68,859708,Nation-state,Weak Passwords,Encryption,10,1.954151875,Fast
Russia,2016,Phishing,Government,2.74,863777,Insider,Zero-day,Antivirus,20,3.172115025,Moderate
Japan,2024,SQL Injection,Banking,67.37,521384,Unknown,Social Engineering,Antivirus,32,129.2137848,Moderate
Russia,2022,SQL Injection,Government,69.09,474183,Insider,Weak Passwords,Antivirus,27,145.7032412,Moderate
Brazil,2018,SQL Injection,Retail,36.63,829742,Insider,Unpatched Software,Firewall,57,44.14625269,Slow
USA,2021,DDoS,Telecommunications,99.81,460842,Unknown,Weak Passwords,AI-based Detection,59,216.581822,Slow
Australia,2022,Malware,Retail,47.33,839881,Unknown,Zero-day,Firewall,51,56.35322147,Slow
Brazil,2017,DDoS,IT,72.48,860625,Unknown,Zero-day,Firewall,4,84.21786492,Fast
UK,2019,SQL Injection,Healthcare,65.47,263110,Insider,Social Engineering,Firewall,6,248.8312873,Fast
Japan,2020,Man-in-the-Middle,IT,13.61,506364,Nation-state,Social Engineering,Firewall,66,26.87789811,Slow
USA,2021,Phishing,Education,6.01,176772,Insider,Unpatched Software,Firewall,6,33.99859706,Fast
Brazil,2021,SQL Injection,Retail,1.32,564277,Nation-state,Weak Passwords,Firewall,1,2.339276632,Fast
Australia,2017,Man-in-the-Middle,Retail,47.97,36780,Insider,Unpatched Software,AI-based Detection,64,1304.241436,Slow
Germany,2021,Ransomware,Retail,46.82,589744,Nation-state,Weak Passwords,VPN,32,79.39037955,Moderate
Russia,2018,Malware,Government,59.01,309230,Hacker Group,Social Engineering,Encryption,61,190.8288329,Slow
China,2024,Man-in-the-Middle,Telecommunications,53.59,4913,Hacker Group,Weak Passwords,AI-based Detection,61,10907.79564,Slow
Brazil,2020,SQL Injection,Education,50.41,350295,Insider,Unpatched Software,Encryption,5,143.9072782,Fast
USA,2020,DDoS,Banking,60.2,998937,Nation-state,Zero-day,Antivirus,19,60.2640607,Moderate
Brazil,2018,Malware,Telecommunications,96.22,445546,Nation-state,Weak Passwords,Firewall,45,215.9597438,Slow
Brazil,2023,SQL Injection,Healthcare,7.33,486146,Insider,Zero-day,Firewall,12,15.07777499,Fast
UK,2016,Phishing,Education,29.49,466333,Hacker Group,Zero-day,Firewall,51,63.23807236,Slow
Japan,2019,Phishing,Government,73.35,706019,Nation-state,Zero-day,Encryption,65,103.8923882,Slow
UK,2020,DDoS,Retail,70.03,971464,Nation-state,Weak Passwords,Firewall,4,72.08707682,Fast
India,2015,Man-in-the-Middle,IT,76.97,224983,Nation-state,Weak Passwords,AI-based Detection,42,342.1147376,Slow
Brazil,2019,Ransomware,Telecommunications,87.41,919425,Nation-state,Unpatched Software,Encryption,45,95.0702885,Slow
Russia,2023,DDoS,Telecommunications,57.25,115138,Unknown,Unpatched Software,Encryption,42,497.2294117,Slow
Japan,2020,Phishing,IT,99.57,786468,Nation-state,Social Engineering,AI-based Detection,42,126.6040068,Slow
India,2023,Phishing,Retail,5.11,620560,Hacker Group,Weak Passwords,Antivirus,59,8.234497873,Slow
USA,2017,Malware,Government,56.74,976007,Insider,Social Engineering,Encryption,59,58.13482895,Slow
France,2016,DDoS,Education,46.58,361163,Hacker Group,Zero-day,Firewall,38,128.9722369,Slow
Brazil,2017,Ransomware,Healthcare,54.78,469735,Nation-state,Zero-day,Encryption,57,116.6189447,Slow
USA,2015,Man-in-the-Middle,IT,46.27,117231,Unknown,Unpatched Software,AI-based Detection,28,394.6908241,Moderate
Germany,2018,Ransomware,Healthcare,14.38,276925,Unknown,Unpatched Software,VPN,54,51.92741717,Slow
Australia,2019,Malware,Telecommunications,37.3,208089,Unknown,Zero-day,Antivirus,33,179.2502247,Moderate
Australia,2016,Phishing,Telecommunications,63.81,71720,Hacker Group,Zero-day,Encryption,21,889.7099833,Moderate
Russia,2024,Ransomware,Telecommunications,35.62,236676,Nation-state,Social Engineering,AI-based Detection,67,150.501107,Slow
India,2024,Man-in-the-Middle,Telecommunications,93.46,409281,Nation-state,Weak Passwords,Antivirus,18,228.3516704,Moderate
Japan,2023,Phishing,Banking,82.36,612815,Insider,Zero-day,Antivirus,12,134.3961881,Fast
Russia,2018,SQL Injection,Telecommunications,11.32,153618,Nation-state,Weak Passwords,VPN,29,73.6892812,Moderate
India,2023,Ransomware,Banking,57.15,704230,Nation-state,Zero-day,VPN,71,81.15246439,Slow
China,2019,Malware,Retail,79.37,863510,Hacker Group,Weak Passwords,VPN,2,91.91555396,Fast
India,2024,DDoS,Healthcare,4.08,488599,Unknown,Social Engineering,Encryption,11,8.350405957,Fast
France,2022,Ransomware,Healthcare,80.73,964782,Unknown,Weak Passwords,VPN,47,83.67693427,Slow
Germany,2018,Man-in-the-Middle,IT,48.96,323027,Unknown,Unpatched Software,Encryption,49,151.5662777,Slow
China,2023,Man-in-the-Middle,Education,10.55,12970,Unknown,Social Engineering,Antivirus,32,813.4155744,Moderate
India,2020,Man-in-the-Middle,Government,50.19,659835,Unknown,Zero-day,Encryption,46,76.06447066,Slow
China,2023,SQL Injection,Telecommunications,66.92,336320,Hacker Group,Social Engineering,VPN,51,198.9771646,Slow
China,2017,Man-in-the-Middle,Banking,47.52,83617,Insider,Unpatched Software,AI-based Detection,64,568.3054881,Slow
Brazil,2018,Malware,Banking,87.13,99178,Nation-state,Unpatched Software,Antivirus,27,878.5214463,Moderate
Brazil,2024,Ransomware,Education,80.1,489369,Nation-state,Unpatched Software,Encryption,41,163.6801677,Slow
Russia,2017,Phishing,Telecommunications,2.22,620350,Hacker Group,Zero-day,Firewall,45,3.57862497,Slow
USA,2020,DDoS,Healthcare,38.14,846602,Insider,Weak Passwords,Firewall,31,45.05068497,Moderate
India,2017,Malware,Government,61.02,650042,Nation-state,Unpatched Software,Antivirus,48,93.87085758,Slow
Japan,2019,Man-in-the-Middle,Government,61.01,549197,Hacker Group,Social Engineering,Antivirus,59,111.0894633,Slow
France,2023,Phishing,IT,15.49,138639,Hacker Group,Unpatched Software,VPN,14,111.7290229,Moderate
Australia,2024,Man-in-the-Middle,Healthcare,93.4,833819,Insider,Unpatched Software,Antivirus,14,112.0147178,Moderate
India,2022,Malware,Retail,13.88,813217,Insider,Zero-day,AI-based Detection,71,17.06801506,Slow
UK,2017,Malware,Banking,11.25,636273,Insider,Zero-day,Antivirus,30,17.68108972,Moderate
Russia,2017,Man-in-the-Middle,Banking,66.53,45277,Insider,Social Engineering,Firewall,43,1469.399474,Slow
Australia,2015,Phishing,Telecommunications,89.41,488342,Hacker Group,Unpatched Software,Firewall,23,183.0889008,Moderate
France,2019,Phishing,IT,55.31,526220,Nation-state,Social Engineering,AI-based Detection,2,105.1081297,Fast
USA,2023,DDoS,Education,90.38,311596,Insider,Weak Passwords,VPN,23,290.0550713,Moderate
Brazil,2024,DDoS,Retail,25.17,658226,Insider,Weak Passwords,VPN,52,38.23914583,Slow
India,2019,Phishing,Education,6.29,344693,Hacker Group,Social Engineering,Encryption,19,18.24812224,Moderate
France,2016,Phishing,Education,37.57,380995,Unknown,Weak Passwords,VPN,60,98.61021798,Slow
Brazil,2018,Malware,Banking,3.1,458185,Insider,Social Engineering,AI-based Detection,31,6.765826031,Moderate
Brazil,2022,Man-in-the-Middle,Education,91.69,581034,Insider,Social Engineering,VPN,67,157.8048789,Slow
Russia,2019,Ransomware,Retail,19.97,722544,Hacker Group,Social Engineering,Encryption,14,27.63845524,Moderate
Brazil,2024,Phishing,IT,28.78,793783,Insider,Social Engineering,Firewall,17,36.25676035,Moderate
China,2023,SQL Injection,IT,53.21,620822,Unknown,Zero-day,Firewall,21,85.70894717,Moderate
Russia,2022,Ransomware,Healthcare,16.6,715102,Insider,Zero-day,Antivirus,2,23.21347164,Fast
Russia,2021,Man-in-the-Middle,Banking,44.32,634390,Unknown,Zero-day,Antivirus,54,69.86238749,Slow
Japan,2021,Ransomware,Government,10.34,791473,Nation-state,Weak Passwords,Firewall,58,13.06424856,Slow
China,2022,Phishing,IT,41.81,631816,Unknown,Weak Passwords,Firewall,29,66.17432924,Moderate
Germany,2016,Malware,Banking,84.54,517353,Nation-state,Social Engineering,Antivirus,41,163.4087364,Slow
Japan,2015,Malware,Telecommunications,40.38,118734,Insider,Unpatched Software,AI-based Detection,21,340.0879276,Moderate
India,2020,Man-in-the-Middle,Education,39.15,963367,Insider,Zero-day,Encryption,50,40.63871816,Slow
Australia,2021,SQL Injection,Telecommunications,22.51,71557,Insider,Social Engineering,Antivirus,47,314.5743952,Slow
Brazil,2017,Ransomware,Government,58.18,824704,Hacker Group,Zero-day,Antivirus,30,70.54652336,Moderate
Germany,2023,Man-in-the-Middle,Banking,92.48,1326,Nation-state,Social Engineering,Antivirus,11,69743.58974,Fast
UK,2015,Phishing,Banking,51.38,630931,Insider,Zero-day,AI-based Detection,48,81.43521241,Slow
Germany,2016,Phishing,Government,93.61,395731,Insider,Unpatched Software,AI-based Detection,64,236.5495753,Slow
Australia,2017,Ransomware,Government,27.38,918816,Unknown,Weak Passwords,AI-based Detection,58,29.79921987,Slow
Australia,2021,Malware,Healthcare,74.61,357205,Nation-state,Weak Passwords,Antivirus,21,208.8716563,Moderate
UK,2019,SQL Injection,IT,78.84,464960,Unknown,Unpatched Software,Encryption,24,169.5629732,Moderate
USA,2019,Ransomware,Telecommunications,65.7,51619,Insider,Unpatched Software,VPN,3,1272.787152,Fast
Brazil,2017,Phishing,IT,81.04,850794,Unknown,Social Engineering,Antivirus,69,95.25219971,Slow
France,2015,Man-in-the-Middle,Banking,27.2,559841,Nation-state,Unpatched Software,VPN,22,48.5852233,Moderate
China,2018,DDoS,Healthcare,86.38,685136,Nation-state,Weak Passwords,Antivirus,62,126.0771584,Slow
Brazil,2016,Malware,Education,83.93,102797,Unknown,Weak Passwords,Firewall,17,816.4635155,Moderate
France,2022,Ransomware,Healthcare,40.36,439046,Insider,Social Engineering,VPN,42,91.92658628,Slow
USA,2019,SQL Injection,Telecommunications,57.4,51312,Insider,Social Engineering,AI-based Detection,26,1118.64671,Moderate
Brazil,2022,Ransomware,Retail,1.42,510870,Unknown,Unpatched Software,AI-based Detection,35,2.779572102,Moderate
Russia,2021,SQL Injection,Government,66.5,348118,Hacker Group,Zero-day,VPN,42,191.0271804,Slow
Australia,2016,Ransomware,Healthcare,47.18,509930,Unknown,Social Engineering,AI-based Detection,68,92.52250309,Slow
UK,2016,Ransomware,IT,58.99,822380,Hacker Group,Zero-day,Firewall,26,71.73083003,Moderate
Germany,2022,SQL Injection,Banking,52.91,619669,Unknown,Unpatched Software,Antivirus,19,85.38429387,Moderate
Australia,2023,SQL Injection,Telecommunications,20.95,341111,Insider,Weak Passwords,VPN,14,61.41695812,Moderate
France,2018,Ransomware,Government,2.79,443730,Hacker Group,Weak Passwords,Antivirus,39,6.287607329,Slow
Japan,2017,DDoS,IT,27.76,824968,Insider,Weak Passwords,Encryption,15,33.64979005,Moderate
Japan,2016,Man-in-the-Middle,Retail,58.77,172346,Nation-state,Social Engineering,AI-based Detection,51,341.0000812,Slow
Germany,2022,DDoS,Telecommunications,51.95,919855,Hacker Group,Weak Passwords,Antivirus,56,56.47629246,Slow
Germany,2021,Man-in-the-Middle,IT,90.57,254634,Hacker Group,Social Engineering,AI-based Detection,5,355.686986,Fast
France,2022,Phishing,Retail,39.15,724409,Unknown,Weak Passwords,Antivirus,56,54.04405522,Slow
UK,2018,Phishing,Healthcare,95.3,269142,Unknown,Unpatched Software,Encryption,72,354.0881765,Slow
India,2024,Phishing,Retail,92.48,32067,Insider,Unpatched Software,Antivirus,19,2883.961705,Moderate
Germany,2020,Malware,Government,32.2,591314,Hacker Group,Weak Passwords,Encryption,65,54.45499346,Slow
Germany,2019,SQL Injection,Healthcare,91.72,149171,Hacker Group,Zero-day,VPN,64,614.8648196,Slow
Brazil,2016,DDoS,IT,13.52,535205,Hacker Group,Social Engineering,AI-based Detection,53,25.26134846,Slow
Germany,2022,Ransomware,Education,87.93,471889,Nation-state,Zero-day,Antivirus,4,186.3361935,Fast
France,2019,Phishing,Healthcare,52.18,869751,Insider,Zero-day,Firewall,12,59.99418224,Fast
Russia,2017,DDoS,Education,50.42,690010,Nation-state,Weak Passwords,Firewall,18,73.07140476,Moderate
Brazil,2017,Ransomware,Healthcare,32.9,433987,Unknown,Zero-day,AI-based Detection,21,75.80872238,Moderate
UK,2017,Phishing,Banking,1.54,31262,Unknown,Social Engineering,Firewall,56,49.26108374,Slow
Australia,2022,Malware,Retail,32.26,824433,Nation-state,Unpatched Software,AI-based Detection,60,39.12992323,Slow
Germany,2023,Man-in-the-Middle,Retail,23.28,651963,Insider,Unpatched Software,AI-based Detection,53,35.70754782,Slow
France,2017,SQL Injection,Education,81.06,349070,Unknown,Zero-day,VPN,41,232.2170338,Slow
USA,2024,Malware,Telecommunications,71.42,967411,Hacker Group,Social Engineering,AI-based Detection,47,73.82591267,Slow
Japan,2021,SQL Injection,Retail,64.81,263770,Unknown,Social Engineering,Antivirus,62,245.7064867,Slow
UK,2016,Phishing,Retail,85.89,714670,Hacker Group,Weak Passwords,VPN,32,120.1813424,Moderate
USA,2021,DDoS,Telecommunications,47.84,498904,Hacker Group,Zero-day,Antivirus,65,95.8901913,Slow
USA,2024,Phishing,Education,47.95,569539,Unknown,Weak Passwords,Encryption,18,84.19089825,Moderate
China,2016,Man-in-the-Middle,Retail,82.52,217938,Nation-state,Weak Passwords,VPN,69,378.6397966,Slow
China,2022,Ransomware,Retail,36.48,172607,Unknown,Zero-day,VPN,60,211.3471644,Slow
India,2023,Man-in-the-Middle,Retail,95.66,424762,Insider,Unpatched Software,VPN,10,225.2084697,Fast
Japan,2019,Man-in-the-Middle,IT,42.34,130309,Insider,Zero-day,AI-based Detection,56,324.9199979,Slow
India,2018,DDoS,Government,65.11,95378,Insider,Social Engineering,Antivirus,67,682.6521839,Slow
India,2017,Phishing,IT,53.95,920801,Nation-state,Zero-day,Antivirus,52,58.59029258,Slow
Japan,2020,Man-in-the-Middle,Retail,91.36,551038,Insider,Social Engineering,Firewall,21,165.7961883,Moderate
China,2016,Malware,Telecommunications,85.8,962508,Unknown,Social Engineering,AI-based Detection,13,89.14211622,Moderate
France,2020,Malware,Healthcare,92.29,267554,Hacker Group,Social Engineering,Firewall,45,344.9397131,Slow
Japan,2020,Ransomware,IT,25.3,76258,Unknown,Social Engineering,VPN,43,331.7684702,Slow
Russia,2016,Malware,Banking,3.6,661377,Hacker Group,Weak Passwords,Antivirus,66,5.443188983,Slow
Australia,2022,SQL Injection,Retail,56.62,310341,Unknown,Weak Passwords,Encryption,32,182.4444724,Moderate
Russia,2017,Phishing,Education,66.25,702883,Insider,Unpatched Software,VPN,31,94.25466258,Moderate
USA,2017,Malware,Education,78.38,516103,Hacker Group,Unpatched Software,Firewall,62,151.8689099,Slow
USA,2015,Malware,Retail,84.7,542283,Hacker Group,Social Engineering,Firewall,64,156.1915089,Slow
Russia,2016,SQL Injection,Government,43.75,173441,Hacker Group,Social Engineering,Antivirus,43,252.2471619,Slow
France,2017,DDoS,Retail,67.36,856228,Hacker Group,Zero-day,Encryption,47,78.67063446,Slow
UK,2019,Malware,IT,68.54,791265,Hacker Group,Social Engineering,Firewall,65,86.62079076,Slow
USA,2019,Malware,Retail,45.42,969699,Hacker Group,Social Engineering,Firewall,63,46.83927693,Slow
Russia,2023,Malware,Telecommunications,95,338867,Nation-state,Unpatched Software,AI-based Detection,34,280.3459764,Moderate
Japan,2018,Ransomware,Government,44.98,951249,Hacker Group,Weak Passwords,VPN,25,47.28520083,Moderate
USA,2022,Ransomware,IT,50.4,34584,Insider,Zero-day,Firewall,43,1457.321305,Slow
Brazil,2021,Malware,Education,74.37,298836,Hacker Group,Social Engineering,Encryption,29,248.8655985,Moderate
Brazil,2018,Malware,Retail,27.82,526161,Unknown,Unpatched Software,AI-based Detection,12,52.87355011,Fast
Brazil,2020,Phishing,Government,76.95,476308,Insider,Social Engineering,VPN,44,161.5551282,Slow
China,2017,SQL Injection,Banking,29.39,206897,Unknown,Zero-day,Encryption,18,142.0513589,Moderate
Japan,2022,Malware,IT,1.92,2653,Nation-state,Unpatched Software,AI-based Detection,56,723.7090087,Slow
UK,2024,Ransomware,Healthcare,90.37,540353,Hacker Group,Unpatched Software,Antivirus,68,167.2425248,Slow
Germany,2015,Phishing,Retail,84.77,779922,Nation-state,Zero-day,Antivirus,50,108.6903562,Slow
Germany,2016,Ransomware,Education,24.4,908906,Hacker Group,Weak Passwords,AI-based Detection,46,26.84546037,Slow
Russia,2021,Man-in-the-Middle,Healthcare,28.34,446741,Nation-state,Weak Passwords,Firewall,20,63.43720411,Moderate
India,2023,Phishing,Education,9.95,317488,Insider,Social Engineering,VPN,46,31.33976717,Slow
Brazil,2024,Phishing,IT,72.33,182613,Unknown,Unpatched Software,AI-based Detection,26,396.0835209,Moderate
UK,2018,Ransomware,IT,61.42,211305,Hacker Group,Zero-day,Encryption,27,290.6698848,Moderate
UK,2024,DDoS,Government,68.83,60379,Hacker Group,Unpatched Software,Firewall,32,1139.965882,Moderate
Russia,2020,Ransomware,Healthcare,11.11,785179,Unknown,Weak Passwords,VPN,2,14.14963976,Fast
Russia,2022,SQL Injection,Telecommunications,1.99,652682,Insider,Social Engineering,Encryption,46,3.048957992,Slow
Brazil,2022,SQL Injection,Banking,5.85,52649,Nation-state,Unpatched Software,Encryption,57,111.1132215,Slow
Germany,2024,Man-in-the-Middle,Government,45.75,865871,Insider,Weak Passwords,Antivirus,58,52.83696994,Slow
Russia,2022,DDoS,Retail,93.71,474552,Nation-state,Zero-day,Encryption,20,197.4704563,Moderate
France,2024,SQL Injection,Healthcare,5.7,400840,Insider,Social Engineering,VPN,57,14.22013771,Slow
USA,2020,Phishing,Education,60.57,275819,Nation-state,Social Engineering,Firewall,69,219.6005351,Slow
Brazil,2021,DDoS,Retail,89.79,454088,Hacker Group,Social Engineering,VPN,70,197.7370025,Slow
France,2018,Phishing,Government,30.68,338619,Hacker Group,Unpatched Software,Antivirus,68,90.60330342,Slow
Brazil,2018,Malware,Banking,31.56,940038,Hacker Group,Zero-day,Antivirus,24,33.57311087,Moderate
USA,2017,DDoS,Government,98.73,17805,Nation-state,Weak Passwords,Antivirus,31,5545.071609,Moderate
Japan,2020,SQL Injection,Telecommunications,92.13,244933,Nation-state,Social Engineering,AI-based Detection,37,376.1436801,Slow
USA,2016,Phishing,Retail,71.14,198602,Unknown,Zero-day,Firewall,18,358.2038449,Moderate
India,2023,DDoS,Retail,73.85,504861,Unknown,Weak Passwords,Antivirus,65,146.2778864,Slow
UK,2016,Malware,Telecommunications,91.24,695618,Nation-state,Social Engineering,Antivirus,14,131.1639434,Moderate
China,2022,Man-in-the-Middle,Healthcare,5.4,270732,Unknown,Weak Passwords,Firewall,31,19.94592438,Moderate
UK,2015,Phishing,Retail,77.58,270326,Nation-state,Social Engineering,Firewall,24,286.9868233,Moderate
Russia,2017,Man-in-the-Middle,Government,80.95,827534,Hacker Group,Unpatched Software,Firewall,29,97.82075419,Moderate
Germany,2020,Man-in-the-Middle,Retail,46.07,32499,Insider,Zero-day,Firewall,14,1417.582079,Moderate
Russia,2016,Malware,Telecommunications,52.2,279065,Hacker Group,Unpatched Software,VPN,62,187.0531955,Slow
Germany,2017,Ransomware,Telecommunications,49.56,119598,Insider,Unpatched Software,Encryption,43,414.3882005,Slow
Germany,2016,SQL Injection,Education,61.78,387500,Nation-state,Weak Passwords,AI-based Detection,30,159.4322581,Moderate
Brazil,2018,Phishing,Education,66.07,656031,Nation-state,Social Engineering,Encryption,36,100.7117042,Moderate
China,2022,Ransomware,Education,85.72,637259,Unknown,Zero-day,VPN,57,134.5135965,Slow
Russia,2023,SQL Injection,Education,0.98,623106,Nation-state,Weak Passwords,Firewall,43,1.57276611,Slow
India,2015,DDoS,Education,21.74,513867,Unknown,Zero-day,Firewall,34,42.3066669,Moderate
Australia,2023,Man-in-the-Middle,Healthcare,7.54,710871,Insider,Zero-day,Firewall,55,10.60670642,Slow
India,2020,Malware,Healthcare,7.08,875225,Unknown,Zero-day,Antivirus,31,8.089348453,Moderate
Germany,2024,Malware,Retail,71.2,989625,Unknown,Social Engineering,Firewall,53,71.94644436,Slow
China,2016,DDoS,Education,89.08,210433,Insider,Weak Passwords,AI-based Detection,63,423.3176355,Slow
USA,2018,Malware,IT,26.31,709153,Hacker Group,Weak Passwords,VPN,45,37.10059747,Slow
France,2020,Ransomware,IT,21.11,568832,Nation-state,Social Engineering,Firewall,12,37.11113299,Fast
China,2022,Phishing,Retail,51.76,355545,Unknown,Weak Passwords,Encryption,68,145.5793219,Slow
Germany,2019,Phishing,Education,90.91,112635,Insider,Weak Passwords,Firewall,55,807.1203445,Slow
Brazil,2015,SQL Injection,Banking,89.39,988268,Unknown,Zero-day,VPN,44,90.45117316,Slow
India,2021,Malware,Education,65.87,357399,Nation-state,Zero-day,Encryption,2,184.3038173,Fast
Japan,2018,Man-in-the-Middle,Government,78.16,512258,Hacker Group,Weak Passwords,Encryption,32,152.5793643,Moderate
Australia,2024,Ransomware,Healthcare,24.21,180760,Nation-state,Weak Passwords,Encryption,34,133.9344988,Moderate
USA,2023,Man-in-the-Middle,Retail,81.16,691638,Unknown,Zero-day,Antivirus,17,117.3446225,Moderate
Russia,2019,Ransomware,IT,80.18,123757,Insider,Social Engineering,Encryption,54,647.882544,Slow
Germany,2018,DDoS,Telecommunications,70,702285,Hacker Group,Zero-day,AI-based Detection,46,99.67463352,Slow
Australia,2022,DDoS,Education,9.73,907708,Unknown,Unpatched Software,AI-based Detection,44,10.71930621,Slow
Australia,2015,DDoS,Healthcare,4.49,713160,Hacker Group,Unpatched Software,Encryption,26,6.295922374,Moderate
USA,2022,Malware,Banking,46.75,239200,Nation-state,Social Engineering,Encryption,8,195.4431438,Fast
China,2016,DDoS,Healthcare,63.15,500521,Nation-state,Weak Passwords,Encryption,27,126.1685324,Moderate
India,2015,Phishing,IT,25.47,741259,Hacker Group,Unpatched Software,Antivirus,18,34.3604597,Moderate
Japan,2021,SQL Injection,Education,3.97,604843,Insider,Unpatched Software,AI-based Detection,40,6.563686775,Slow
UK,2023,SQL Injection,Education,19.17,697610,Insider,Weak Passwords,Encryption,18,27.47953728,Moderate
Germany,2022,SQL Injection,IT,58.35,730850,Hacker Group,Weak Passwords,AI-based Detection,27,79.83854416,Moderate
Australia,2018,SQL Injection,IT,65.08,417807,Insider,Social Engineering,Firewall,46,155.7657004,Slow
India,2020,Malware,Healthcare,3.74,58205,Hacker Group,Unpatched Software,Encryption,63,64.25564814,Slow
India,2016,SQL Injection,Healthcare,33.11,830670,Unknown,Social Engineering,Antivirus,11,39.85939061,Fast
Brazil,2024,Ransomware,Government,57.7,691990,Insider,Weak Passwords,Antivirus,41,83.38270784,Slow
USA,2015,Ransomware,Retail,74.68,498089,Insider,Weak Passwords,Encryption,18,149.9330441,Moderate
China,2015,Ransomware,IT,86.82,748040,Insider,Weak Passwords,Firewall,18,116.0633121,Moderate
Brazil,2018,Ransomware,Healthcare,4.51,909979,Nation-state,Social Engineering,VPN,65,4.956158329,Slow
Australia,2019,Man-in-the-Middle,Banking,27,286038,Nation-state,Social Engineering,Encryption,43,94.39305267,Slow
Russia,2021,SQL Injection,Retail,82.88,479586,Insider,Zero-day,AI-based Detection,8,172.8157202,Fast
Australia,2020,Phishing,Banking,42.03,454763,Hacker Group,Social Engineering,Firewall,14,92.42176694,Moderate
UK,2019,Phishing,Telecommunications,33.85,60183,Nation-state,Unpatched Software,AI-based Detection,17,562.4511905,Moderate
Russia,2018,Phishing,Education,94.6,596801,Nation-state,Weak Passwords,Antivirus,70,158.5117987,Slow
China,2021,Ransomware,IT,71.9,698786,Hacker Group,Zero-day,Antivirus,21,102.8927311,Moderate
Japan,2021,DDoS,Telecommunications,94.23,441749,Nation-state,Unpatched Software,AI-based Detection,55,213.311179,Slow
China,2018,SQL Injection,Healthcare,76.4,966102,Hacker Group,Social Engineering,Firewall,1,79.08067678,Fast
India,2017,Malware,Healthcare,66.29,430200,Unknown,Zero-day,Antivirus,48,154.0911204,Slow
UK,2023,Ransomware,Banking,49.89,638668,Nation-state,Social Engineering,Encryption,47,78.11570331,Slow
UK,2019,DDoS,Healthcare,81.91,127817,Nation-state,Weak Passwords,Antivirus,66,640.8380732,Slow
Brazil,2017,Man-in-the-Middle,Government,14.54,491794,Nation-state,Zero-day,Encryption,4,29.56522446,Fast
Germany,2024,Ransomware,IT,33.44,737958,Hacker Group,Social Engineering,Encryption,54,45.31423198,Slow
Australia,2017,DDoS,Education,31.74,724207,Hacker Group,Weak Passwords,Firewall,54,43.82724829,Slow
Germany,2018,SQL Injection,Healthcare,78.11,451780,Hacker Group,Unpatched Software,VPN,28,172.8938864,Moderate
India,2016,Man-in-the-Middle,Healthcare,8.25,875227,Unknown,Zero-day,AI-based Detection,20,9.426126022,Moderate
Brazil,2018,Malware,Banking,17.52,334945,Nation-state,Weak Passwords,Antivirus,33,52.30709519,Moderate
Australia,2023,DDoS,IT,81.89,525978,Unknown,Weak Passwords,Antivirus,12,155.6909224,Fast
UK,2016,Phishing,Retail,37.29,761252,Insider,Weak Passwords,VPN,57,48.98509298,Slow
China,2017,Phishing,Government,38.87,168075,Insider,Social Engineering,AI-based Detection,52,231.265804,Slow
Japan,2015,Ransomware,Banking,6.57,443408,Hacker Group,Weak Passwords,Encryption,71,14.81705337,Slow
UK,2018,DDoS,IT,17.99,60917,Unknown,Zero-day,VPN,1,295.3198615,Fast
USA,2017,Man-in-the-Middle,Banking,59.54,839892,Nation-state,Weak Passwords,Encryption,20,70.89006682,Moderate
Brazil,2021,Ransomware,Government,72.14,673933,Unknown,Zero-day,AI-based Detection,22,107.0432818,Moderate
USA,2021,Ransomware,Education,84.64,534283,Insider,Social Engineering,VPN,49,158.4179171,Slow
UK,2022,DDoS,Education,32.2,49715,Insider,Unpatched Software,Encryption,72,647.6918435,Slow
China,2022,SQL Injection,Banking,1.16,297461,Hacker Group,Zero-day,Firewall,15,3.899670881,Moderate
Russia,2021,SQL Injection,Healthcare,48.71,861410,Unknown,Social Engineering,VPN,7,56.54682439,Fast
Germany,2016,DDoS,Telecommunications,14.28,547178,Insider,Social Engineering,Firewall,45,26.09754047,Slow
Japan,2020,Ransomware,Banking,37.38,273660,Insider,Weak Passwords,Firewall,6,136.5928524,Fast
Brazil,2023,Phishing,IT,23.01,195113,Unknown,Unpatched Software,Encryption,4,117.9316601,Fast
China,2018,Man-in-the-Middle,Banking,9.77,881294,Insider,Unpatched Software,AI-based Detection,3,11.08597131,Fast
USA,2024,Phishing,Government,58.64,146937,Hacker Group,Social Engineering,Firewall,10,399.0826,Fast
Russia,2016,Phishing,Healthcare,11.29,72191,Unknown,Weak Passwords,Antivirus,3,156.3906858,Fast
Australia,2022,Man-in-the-Middle,Government,90.65,898589,Hacker Group,Zero-day,AI-based Detection,58,100.8803802,Slow
Japan,2024,Malware,Telecommunications,30.66,430306,Nation-state,Weak Passwords,VPN,67,71.25162094,Slow
Australia,2022,DDoS,IT,27.02,835814,Insider,Weak Passwords,Encryption,40,32.3277667,Slow
Russia,2015,SQL Injection,IT,56.07,837322,Insider,Zero-day,AI-based Detection,25,66.96348597,Moderate
Russia,2019,SQL Injection,Telecommunications,10.88,299403,Unknown,Unpatched Software,Antivirus,23,36.33898124,Moderate
USA,2024,Man-in-the-Middle,Government,96.13,482492,Unknown,Social Engineering,Encryption,17,199.236464,Moderate
China,2022,DDoS,IT,88.61,777010,Hacker Group,Weak Passwords,VPN,34,114.0397163,Moderate
Germany,2021,DDoS,IT,73.5,806210,Unknown,Weak Passwords,Antivirus,5,91.16731373,Fast
China,2024,Malware,Government,1.17,281616,Nation-state,Unpatched Software,Encryption,6,4.154593489,Fast
India,2023,Ransomware,Banking,42.02,827952,Hacker Group,Unpatched Software,AI-based Detection,21,50.7517344,Moderate
USA,2020,Malware,Retail,59.15,179586,Hacker Group,Social Engineering,VPN,27,329.368659,Moderate
UK,2022,Phishing,Retail,26.63,725905,Hacker Group,Zero-day,VPN,54,36.68524118,Slow
USA,2016,DDoS,Healthcare,30.49,723411,Hacker Group,Weak Passwords,AI-based Detection,40,42.14754821,Slow
India,2024,Malware,Banking,14.01,141437,Nation-state,Weak Passwords,Firewall,10,99.0547028,Fast
USA,2019,DDoS,Government,49.88,441744,Unknown,Weak Passwords,Firewall,40,112.9160781,Slow
Japan,2016,Malware,Telecommunications,4.84,936738,Insider,Weak Passwords,Antivirus,8,5.166866296,Fast
USA,2024,Malware,Education,75.51,822636,Insider,Social Engineering,Antivirus,63,91.79029364,Slow
Australia,2018,Malware,Banking,68.32,843891,Unknown,Weak Passwords,Antivirus,31,80.95832282,Moderate
Russia,2020,DDoS,Healthcare,6.37,82576,Nation-state,Weak Passwords,VPN,40,77.14105793,Slow
France,2024,Ransomware,Banking,97.53,759522,Unknown,Weak Passwords,VPN,39,128.4097103,Slow
UK,2024,Ransomware,Banking,12.22,860343,Hacker Group,Weak Passwords,Antivirus,42,14.20363739,Slow
Australia,2023,Malware,Government,55.72,14483,Nation-state,Weak Passwords,Firewall,36,3847.269212,Moderate
Japan,2023,Malware,Telecommunications,67.77,871255,Hacker Group,Social Engineering,AI-based Detection,24,77.78434557,Moderate
India,2019,Man-in-the-Middle,Government,98.86,48647,Unknown,Zero-day,Encryption,48,2032.191091,Slow
Australia,2024,Phishing,Education,74.75,109907,Insider,Social Engineering,VPN,5,680.1204655,Fast
Brazil,2022,Man-in-the-Middle,Retail,89.11,749386,Unknown,Unpatched Software,Firewall,16,118.9106815,Moderate
Russia,2018,Malware,Telecommunications,89.79,900723,Insider,Zero-day,Firewall,32,99.68658511,Moderate
France,2024,Phishing,IT,49.75,943151,Nation-state,Zero-day,VPN,66,52.7487115,Slow
USA,2019,Malware,Education,1.05,93580,Nation-state,Unpatched Software,VPN,21,11.22034623,Moderate
China,2019,Malware,Retail,26.66,303469,Insider,Social Engineering,VPN,60,87.85081837,Slow
USA,2024,Malware,Telecommunications,0.71,28436,Unknown,Unpatched Software,Encryption,66,24.96834998,Slow
France,2015,Phishing,Healthcare,41.92,383484,Unknown,Unpatched Software,VPN,52,109.3135568,Slow
Germany,2017,DDoS,Telecommunications,40.05,27446,Insider,Social Engineering,AI-based Detection,13,1459.229032,Moderate
Japan,2020,Phishing,Healthcare,73.13,39276,Nation-state,Unpatched Software,Firewall,29,1861.951319,Moderate
Brazil,2024,SQL Injection,IT,33.94,88304,Nation-state,Zero-day,Encryption,41,384.3540496,Slow
Brazil,2019,Malware,Government,4.95,281096,Nation-state,Zero-day,AI-based Detection,2,17.60964226,Fast
Australia,2018,SQL Injection,Banking,50.23,793612,Nation-state,Zero-day,Firewall,12,63.29289376,Fast
UK,2016,Malware,Banking,49.92,848188,Nation-state,Unpatched Software,VPN,12,58.85487651,Fast
India,2016,Man-in-the-Middle,IT,70.24,374767,Unknown,Unpatched Software,Antivirus,67,187.4231189,Slow
France,2019,DDoS,Telecommunications,85.65,835349,Nation-state,Unpatched Software,VPN,8,102.5319956,Fast
Japan,2020,SQL Injection,Banking,64.25,877560,Nation-state,Weak Passwords,Encryption,61,73.21436711,Slow
Germany,2016,Man-in-the-Middle,Government,58.93,249279,Unknown,Weak Passwords,VPN,58,236.4017827,Slow
Japan,2017,Ransomware,Government,9.24,126143,Unknown,Weak Passwords,Antivirus,35,73.25020017,Moderate
France,2021,Malware,Government,50.84,7910,Unknown,Unpatched Software,Firewall,19,6427.307206,Moderate
Brazil,2020,SQL Injection,Education,85.12,732802,Nation-state,Weak Passwords,Antivirus,62,116.1568882,Slow
USA,2019,DDoS,Telecommunications,12.13,426349,Hacker Group,Unpatched Software,Encryption,44,28.45087006,Slow
China,2019,Man-in-the-Middle,Telecommunications,6.24,739538,Nation-state,Zero-day,Encryption,5,8.437700294,Fast
UK,2016,SQL Injection,Retail,17.98,251689,Nation-state,Social Engineering,Antivirus,1,71.43736913,Fast
Germany,2015,Malware,Education,75.2,461291,Insider,Social Engineering,AI-based Detection,5,163.0207396,Fast
UK,2021,Man-in-the-Middle,Banking,71.88,757595,Insider,Weak Passwords,VPN,40,94.87919007,Slow
Japan,2024,Man-in-the-Middle,Retail,12.62,970866,Hacker Group,Weak Passwords,Firewall,13,12.99870425,Moderate
Brazil,2021,Malware,Government,79.56,334916,Nation-state,Weak Passwords,Firewall,35,237.5521026,Moderate
UK,2019,Man-in-the-Middle,IT,35.37,384185,Insider,Weak Passwords,Firewall,71,92.06502076,Slow
Australia,2016,Phishing,Education,98.72,6670,Nation-state,Social Engineering,VPN,24,14800.5997,Moderate
France,2016,Man-in-the-Middle,IT,62.08,801177,Nation-state,Social Engineering,Encryption,11,77.48599872,Fast
Russia,2016,Ransomware,Banking,28.79,183711,Insider,Zero-day,Encryption,50,156.7135338,Slow
France,2015,Malware,Retail,83.45,573985,Insider,Weak Passwords,AI-based Detection,45,145.3870746,Slow
Japan,2018,DDoS,Healthcare,88.04,675172,Nation-state,Weak Passwords,Antivirus,43,130.3964027,Slow
Germany,2018,DDoS,Government,35.76,716770,Insider,Unpatched Software,Encryption,2,49.89048091,Fast
Australia,2016,DDoS,IT,43.19,825866,Unknown,Weak Passwords,Firewall,23,52.29661955,Moderate
USA,2019,Ransomware,Healthcare,92.43,206631,Unknown,Zero-day,AI-based Detection,64,447.3191341,Slow
Germany,2016,Phishing,Banking,40.18,153211,Nation-state,Weak Passwords,Encryption,43,262.2527103,Slow
Japan,2018,SQL Injection,IT,48.91,322255,Nation-state,Zero-day,AI-based Detection,41,151.7742161,Slow
China,2021,Ransomware,Telecommunications,44.84,16106,Nation-state,Weak Passwords,Firewall,29,2784.055631,Moderate
USA,2021,Man-in-the-Middle,Education,51.43,640851,Unknown,Zero-day,VPN,11,80.25266404,Fast
Japan,2022,Phishing,Banking,12.42,570853,Unknown,Unpatched Software,Encryption,4,21.75691465,Fast
USA,2023,SQL Injection,Banking,98.91,995462,Unknown,Unpatched Software,Firewall,33,99.36089976,Moderate
Russia,2015,Ransomware,Telecommunications,64.68,716832,Hacker Group,Social Engineering,VPN,67,90.23034686,Slow
USA,2015,Malware,Retail,41.34,677462,Unknown,Unpatched Software,AI-based Detection,45,61.02187281,Slow
France,2020,DDoS,IT,52.09,362499,Insider,Unpatched Software,Encryption,4,143.6969481,Fast
India,2023,DDoS,Retail,26.01,274512,Insider,Weak Passwords,AI-based Detection,69,94.74995629,Slow
Germany,2017,Malware,Government,63.97,590555,Nation-state,Social Engineering,AI-based Detection,27,108.3218329,Moderate
Australia,2024,Phishing,Telecommunications,42.28,297456,Nation-state,Zero-day,VPN,20,142.1386692,Moderate
Russia,2015,Ransomware,Government,2.73,465465,Nation-state,Unpatched Software,Encryption,60,5.865102639,Slow
India,2023,Man-in-the-Middle,IT,58.9,24387,Hacker Group,Unpatched Software,Encryption,29,2415.221224,Moderate
France,2020,Man-in-the-Middle,Education,35.12,871001,Nation-state,Zero-day,Antivirus,39,40.32142328,Slow
Brazil,2019,Malware,IT,8.31,989421,Unknown,Zero-day,Firewall,46,8.398851449,Slow
France,2015,Phishing,Retail,84.86,190100,Nation-state,Zero-day,AI-based Detection,69,446.3966334,Slow
France,2018,SQL Injection,IT,63.56,3324,Unknown,Zero-day,Encryption,65,19121.54031,Slow
UK,2024,Malware,Retail,33.24,851177,Insider,Unpatched Software,Encryption,53,39.05180709,Slow
Russia,2015,Malware,Healthcare,35.11,477346,Unknown,Social Engineering,Firewall,8,73.55251746,Fast
USA,2021,Malware,Healthcare,49.73,386686,Insider,Zero-day,AI-based Detection,7,128.6056387,Fast
Russia,2016,DDoS,Banking,87.62,922456,Insider,Zero-day,VPN,67,94.98556029,Slow
China,2021,DDoS,Telecommunications,84.09,954379,Insider,Social Engineering,VPN,59,88.10965036,Slow
Germany,2024,Phishing,Telecommunications,36.34,887186,Insider,Weak Passwords,Antivirus,8,40.96097098,Fast
India,2018,Malware,Education,41.28,197323,Hacker Group,Social Engineering,Antivirus,47,209.2001439,Slow
India,2016,Malware,IT,34.78,294587,Unknown,Social Engineering,AI-based Detection,43,118.0635941,Slow
UK,2022,Man-in-the-Middle,Telecommunications,88.71,191263,Hacker Group,Unpatched Software,Encryption,68,463.8116102,Slow
France,2017,Ransomware,Healthcare,88.79,332214,Nation-state,Social Engineering,Antivirus,16,267.2674842,Moderate
China,2024,Man-in-the-Middle,Government,56.26,196531,Hacker Group,Zero-day,Firewall,45,286.2652711,Slow
Brazil,2021,SQL Injection,Banking,4.34,258021,Hacker Group,Unpatched Software,Encryption,46,16.82033633,Slow
Russia,2021,Ransomware,Healthcare,85.65,920121,Unknown,Social Engineering,Antivirus,21,93.08558331,Moderate
Australia,2021,SQL Injection,IT,4.52,971908,Unknown,Zero-day,AI-based Detection,16,4.650645946,Moderate
France,2017,Ransomware,IT,27.19,760590,Nation-state,Weak Passwords,Encryption,9,35.74856362,Fast
UK,2023,Man-in-the-Middle,Government,45.16,569044,Hacker Group,Social Engineering,Antivirus,27,79.36117418,Moderate
France,2021,SQL Injection,Government,2.3,841324,Unknown,Weak Passwords,Encryption,8,2.73378627,Fast
Japan,2022,Malware,Government,71.54,668679,Unknown,Social Engineering,VPN,27,106.9870596,Moderate
India,2022,SQL Injection,Banking,27.86,310150,Unknown,Unpatched Software,AI-based Detection,21,89.82750282,Moderate
Germany,2016,Man-in-the-Middle,IT,13.21,549414,Unknown,Social Engineering,Encryption,70,24.04379939,Slow
Australia,2015,DDoS,Government,11.89,731839,Unknown,Zero-day,AI-based Detection,14,16.24674279,Moderate
Brazil,2023,SQL Injection,Healthcare,76.58,626352,Hacker Group,Social Engineering,Encryption,33,122.2635196,Moderate
India,2022,DDoS,Banking,92.23,626017,Unknown,Unpatched Software,Antivirus,1,147.3282674,Fast
Australia,2019,DDoS,Telecommunications,70.7,172782,Unknown,Social Engineering,VPN,2,409.1861421,Fast
France,2021,Ransomware,Government,2.39,665023,Insider,Unpatched Software,Firewall,49,3.593860663,Slow
Germany,2018,Man-in-the-Middle,Banking,89.87,15909,Nation-state,Zero-day,Antivirus,19,5649.003709,Moderate
UK,2023,Man-in-the-Middle,Banking,24.28,998547,Unknown,Weak Passwords,Antivirus,46,24.31533017,Slow
Australia,2019,DDoS,IT,58.3,76358,Nation-state,Weak Passwords,Encryption,58,763.5087352,Slow
Germany,2024,Man-in-the-Middle,IT,84.19,89704,Hacker Group,Social Engineering,Antivirus,26,938.5311692,Moderate
Russia,2024,Man-in-the-Middle,Education,72.02,191361,Hacker Group,Unpatched Software,AI-based Detection,11,376.3567289,Fast
Germany,2023,Man-in-the-Middle,Government,0.61,200862,Insider,Social Engineering,Encryption,13,3.036910914,Moderate
USA,2017,Malware,Government,89.49,4966,Hacker Group,Social Engineering,AI-based Detection,41,18020.53967,Slow
Japan,2018,Phishing,Education,34.06,344674,Unknown,Weak Passwords,Antivirus,19,98.81801354,Moderate
USA,2020,Phishing,Government,37.66,449424,Unknown,Unpatched Software,Firewall,3,83.79614796,Fast
Germany,2020,Phishing,Healthcare,69.2,162807,Hacker Group,Unpatched Software,Encryption,4,425.0431493,Fast
India,2024,DDoS,Banking,47.1,21292,Insider,Social Engineering,Antivirus,10,2212.098441,Fast
Australia,2023,Malware,Banking,25.7,993215,Nation-state,Zero-day,AI-based Detection,56,25.87556571,Slow
Australia,2017,DDoS,Banking,16.58,744201,Hacker Group,Zero-day,VPN,7,22.27892733,Fast
Japan,2017,Phishing,Banking,61.33,762300,Nation-state,Social Engineering,VPN,20,80.45388954,Moderate
France,2018,DDoS,Government,14.1,764003,Insider,Zero-day,AI-based Detection,43,18.45542491,Slow
China,2019,DDoS,Banking,33.88,761910,Hacker Group,Zero-day,Antivirus,27,44.46719429,Moderate
France,2023,Ransomware,IT,87.45,296050,Insider,Weak Passwords,VPN,30,295.3892923,Moderate
France,2020,Malware,Government,27.43,82853,Hacker Group,Social Engineering,Encryption,67,331.0682776,Slow
Japan,2022,SQL Injection,Banking,34.03,700439,Insider,Zero-day,Encryption,41,48.58381672,Slow
Russia,2022,SQL Injection,Retail,6.61,351048,Insider,Unpatched Software,VPN,57,18.82933388,Slow
China,2020,Phishing,Retail,17.99,36963,Insider,Zero-day,VPN,54,486.7029191,Slow
France,2021,Ransomware,IT,99.77,533151,Nation-state,Zero-day,Antivirus,43,187.132726,Slow
Germany,2018,Man-in-the-Middle,Healthcare,61.93,62185,Nation-state,Social Engineering,Encryption,32,995.8993326,Moderate
USA,2016,DDoS,Education,48.83,231299,Unknown,Unpatched Software,Encryption,58,211.1120238,Slow
UK,2017,SQL Injection,Retail,47.99,914365,Insider,Weak Passwords,Firewall,52,52.48451111,Slow
Japan,2024,Ransomware,Retail,47.44,696953,Nation-state,Zero-day,Firewall,54,68.06771762,Slow
Russia,2015,Malware,Education,24.47,977607,Hacker Group,Zero-day,AI-based Detection,62,25.03050817,Slow
Australia,2020,Ransomware,Retail,71.03,91228,Hacker Group,Social Engineering,Antivirus,22,778.5986758,Moderate
China,2016,Phishing,Government,59.95,417253,Insider,Weak Passwords,VPN,16,143.6778166,Moderate
France,2021,Man-in-the-Middle,Government,44.03,60431,Hacker Group,Weak Passwords,AI-based Detection,59,728.5995598,Slow
Japan,2016,Man-in-the-Middle,Healthcare,44.69,567209,Hacker Group,Social Engineering,Antivirus,1,78.78929989,Fast
France,2015,SQL Injection,IT,70.18,596168,Nation-state,Zero-day,Encryption,15,117.7184955,Moderate
Japan,2024,Malware,Telecommunications,49.88,437357,Unknown,Weak Passwords,AI-based Detection,56,114.0487062,Slow
Australia,2016,Ransomware,IT,43.88,588421,Nation-state,Unpatched Software,Encryption,72,74.57245748,Slow
UK,2017,Phishing,IT,57.17,477292,Nation-state,Social Engineering,AI-based Detection,18,119.7799251,Moderate
Germany,2018,Phishing,Education,16.76,163839,Insider,Social Engineering,Encryption,19,102.2955462,Moderate
UK,2024,SQL Injection,IT,65.06,922676,Unknown,Zero-day,VPN,6,70.51229251,Fast
UK,2023,Malware,Education,34.66,941720,Nation-state,Zero-day,Antivirus,71,36.80499512,Slow
Germany,2019,Phishing,Government,49.71,647613,Unknown,Social Engineering,Antivirus,53,76.75880503,Slow
Australia,2016,Ransomware,Telecommunications,27.17,429456,Hacker Group,Social Engineering,VPN,28,63.26608547,Moderate
India,2020,Phishing,Government,85.73,340643,Unknown,Zero-day,Firewall,72,251.6711044,Slow
France,2021,Malware,Education,55.66,21833,Hacker Group,Zero-day,Encryption,2,2549.351899,Fast
Japan,2018,Phishing,Education,3.6,598297,Insider,Social Engineering,VPN,49,6.017078474,Slow
Australia,2023,Phishing,Retail,78.28,92925,Insider,Zero-day,VPN,53,842.3997848,Slow
Germany,2020,SQL Injection,Retail,70.09,98500,Hacker Group,Unpatched Software,Antivirus,30,711.5736041,Moderate
Japan,2020,SQL Injection,IT,64.56,820070,Hacker Group,Weak Passwords,Encryption,70,78.72498689,Slow
UK,2024,Phishing,Banking,66.65,170892,Unknown,Zero-day,AI-based Detection,47,390.0124055,Slow
Brazil,2024,Ransomware,Healthcare,60.13,887531,Hacker Group,Social Engineering,Encryption,51,67.74974621,Slow
Australia,2024,DDoS,IT,57.81,179507,Insider,Weak Passwords,VPN,8,322.0487223,Fast
Russia,2023,DDoS,Banking,78.71,315219,Unknown,Social Engineering,Antivirus,30,249.6994153,Moderate
USA,2016,Phishing,Government,63.35,223827,Insider,Zero-day,Antivirus,21,283.031091,Moderate
France,2016,DDoS,Healthcare,47.01,254371,Unknown,Zero-day,Antivirus,13,184.8088029,Moderate
Japan,2023,DDoS,Government,67.59,839088,Unknown,Unpatched Software,VPN,62,80.55174189,Slow
China,2017,DDoS,IT,17.49,394109,Unknown,Unpatched Software,AI-based Detection,37,44.37858562,Slow
France,2019,DDoS,IT,75.84,877224,Unknown,Unpatched Software,Encryption,57,86.45454297,Slow
Japan,2020,Phishing,Telecommunications,91.52,846884,Nation-state,Social Engineering,AI-based Detection,42,108.0667482,Slow
UK,2020,Malware,IT,44.05,100972,Nation-state,Unpatched Software,Antivirus,54,436.2595571,Slow
UK,2017,DDoS,Education,40.18,148447,Insider,Zero-day,AI-based Detection,39,270.668993,Slow
France,2017,SQL Injection,IT,44.56,698908,Nation-state,Zero-day,Antivirus,32,63.75660316,Moderate
India,2022,SQL Injection,Government,53.89,633626,Nation-state,Social Engineering,Antivirus,54,85.05017155,Slow
Germany,2021,Malware,Government,88.01,334748,Unknown,Zero-day,Encryption,5,262.9141922,Fast
China,2023,Phishing,Banking,55.94,383589,Unknown,Weak Passwords,Firewall,7,145.8331704,Fast
Germany,2018,Ransomware,Education,90.48,901880,Unknown,Social Engineering,VPN,16,100.3237681,Moderate
Russia,2018,SQL Injection,Education,40.59,598151,Nation-state,Unpatched Software,AI-based Detection,34,67.85911919,Moderate
France,2016,DDoS,Banking,77.29,120341,Nation-state,Zero-day,VPN,45,642.2582495,Slow
Australia,2023,Phishing,Government,91.02,305005,Hacker Group,Zero-day,Firewall,71,298.4213374,Slow
Germany,2024,Man-in-the-Middle,Retail,46.41,494622,Hacker Group,Social Engineering,VPN,37,93.82922717,Slow
Germany,2021,SQL Injection,Banking,69.07,264662,Insider,Social Engineering,AI-based Detection,46,260.9743749,Slow
India,2021,SQL Injection,Healthcare,2.3,942089,Insider,Unpatched Software,VPN,39,2.441382927,Slow
France,2016,Man-in-the-Middle,Education,33.45,779870,Nation-state,Zero-day,Firewall,6,42.89176401,Fast
UK,2015,Phishing,IT,15.27,407233,Insider,Unpatched Software,Antivirus,72,37.4969612,Slow
Russia,2019,Malware,Banking,98.59,148622,Nation-state,Weak Passwords,Firewall,6,663.3607407,Fast
Brazil,2023,Ransomware,Healthcare,30.45,480773,Hacker Group,Weak Passwords,Encryption,52,63.33550345,Slow
UK,2023,Malware,IT,22.24,946994,Unknown,Zero-day,VPN,13,23.48483729,Moderate
Japan,2015,Malware,Retail,9.75,559143,Nation-state,Social Engineering,VPN,69,17.43739973,Slow
Brazil,2017,Man-in-the-Middle,Education,67.55,287646,Nation-state,Social Engineering,VPN,68,234.8372652,Slow
China,2019,SQL Injection,Retail,26.97,19575,Insider,Zero-day,AI-based Detection,1,1377.777778,Fast
China,2015,Malware,Retail,73.45,701505,Hacker Group,Social Engineering,Antivirus,36,104.703459,Moderate
China,2021,Ransomware,Retail,40.01,998728,Unknown,Weak Passwords,AI-based Detection,68,40.06095754,Slow
France,2021,SQL Injection,Telecommunications,52.67,434504,Unknown,Social Engineering,AI-based Detection,46,121.2186769,Slow
Australia,2021,Ransomware,Retail,61.46,860546,Unknown,Zero-day,AI-based Detection,22,71.41977303,Moderate
Brazil,2020,SQL Injection,Education,62.72,827349,Nation-state,Unpatched Software,VPN,68,75.80839525,Slow
Japan,2018,DDoS,IT,2.65,145427,Nation-state,Social Engineering,VPN,28,18.22220083,Moderate
Russia,2022,Malware,Government,33.8,613718,Unknown,Unpatched Software,AI-based Detection,60,55.07415458,Slow
Australia,2018,Phishing,IT,61.47,239301,Unknown,Social Engineering,Antivirus,22,256.873143,Moderate
China,2017,Phishing,Education,16.82,848597,Hacker Group,Weak Passwords,AI-based Detection,11,19.82095152,Fast
Japan,2020,Man-in-the-Middle,Banking,73.85,278424,Nation-state,Zero-day,Encryption,9,265.2429388,Fast
Russia,2015,DDoS,Government,97.4,23096,Unknown,Weak Passwords,Firewall,38,4217.180464,Slow
Russia,2022,Phishing,Education,33.49,68371,Nation-state,Unpatched Software,Firewall,57,489.8275585,Slow
China,2023,Ransomware,Healthcare,62.21,534686,Insider,Unpatched Software,AI-based Detection,44,116.3486607,Slow
China,2019,Man-in-the-Middle,Education,75.86,985505,Unknown,Social Engineering,Encryption,26,76.97576369,Moderate
USA,2015,DDoS,Banking,98.39,306320,Insider,Unpatched Software,AI-based Detection,41,321.2000522,Slow
Japan,2023,DDoS,Government,17.69,799380,Unknown,Weak Passwords,AI-based Detection,57,22.12965048,Slow
USA,2023,DDoS,IT,55.14,529551,Unknown,Zero-day,VPN,61,104.1259482,Slow
Australia,2024,DDoS,IT,82.49,102295,Unknown,Weak Passwords,VPN,46,806.3932744,Slow
Australia,2022,Phishing,Banking,64.07,800131,Unknown,Zero-day,AI-based Detection,69,80.07438782,Slow
UK,2015,Ransomware,Banking,32,712739,Nation-state,Weak Passwords,Antivirus,17,44.89722044,Moderate
Russia,2018,Phishing,Telecommunications,39.15,814119,Hacker Group,Weak Passwords,Firewall,64,48.08879292,Slow
India,2018,SQL Injection,Education,12.44,599905,Nation-state,Social Engineering,VPN,13,20.73661663,Moderate
France,2017,DDoS,Healthcare,5.07,65117,Unknown,Social Engineering,Firewall,3,77.85985227,Fast
USA,2023,Phishing,Telecommunications,6.18,591348,Nation-state,Weak Passwords,Encryption,55,10.45069908,Slow
Japan,2023,Phishing,Retail,55.7,53447,Insider,Unpatched Software,AI-based Detection,43,1042.153909,Slow
Germany,2024,Malware,IT,47.13,471379,Unknown,Unpatched Software,AI-based Detection,67,99.98324066,Slow
Russia,2017,SQL Injection,Banking,76.84,883919,Hacker Group,Social Engineering,VPN,8,86.93104232,Fast
Germany,2021,Malware,Telecommunications,78.46,606940,Insider,Social Engineering,AI-based Detection,32,129.2714272,Moderate
India,2018,Man-in-the-Middle,Healthcare,56.88,416331,Hacker Group,Unpatched Software,Encryption,62,136.6220627,Slow
Russia,2019,Phishing,Banking,58.38,826778,Insider,Zero-day,AI-based Detection,59,70.61145797,Slow
China,2022,Ransomware,Healthcare,71.36,712697,Insider,Unpatched Software,AI-based Detection,39,100.1267018,Slow
UK,2023,Man-in-the-Middle,Government,48.19,450891,Nation-state,Social Engineering,Encryption,32,106.8772719,Moderate
Russia,2016,Phishing,Healthcare,13.91,600700,Hacker Group,Zero-day,Firewall,28,23.15631763,Moderate
Brazil,2019,DDoS,Education,44.51,119319,Nation-state,Zero-day,Firewall,9,373.0336325,Fast
UK,2017,Ransomware,Healthcare,55.45,490818,Hacker Group,Unpatched Software,VPN,65,112.9746668,Slow
Germany,2024,Ransomware,Telecommunications,17.92,155170,Insider,Zero-day,VPN,15,115.4862409,Moderate
France,2017,Malware,Healthcare,41.37,783899,Hacker Group,Social Engineering,AI-based Detection,29,52.77465592,Moderate
China,2020,Malware,Healthcare,24.78,275619,Nation-state,Weak Passwords,Antivirus,4,89.90671906,Fast
India,2024,SQL Injection,IT,8.85,746862,Nation-state,Unpatched Software,Encryption,51,11.84957864,Slow
India,2024,SQL Injection,Government,28.13,244429,Hacker Group,Zero-day,AI-based Detection,8,115.084544,Fast
Russia,2016,SQL Injection,Government,52.59,287446,Hacker Group,Unpatched Software,Encryption,56,182.9561031,Slow
France,2023,DDoS,Retail,79.86,966469,Nation-state,Social Engineering,Antivirus,43,82.63068965,Slow
Australia,2021,DDoS,IT,47.83,126709,Unknown,Weak Passwords,Antivirus,45,377.4791057,Slow
Brazil,2019,Malware,IT,54.26,883977,Nation-state,Unpatched Software,Antivirus,47,61.38168753,Slow
Australia,2023,SQL Injection,Retail,78.57,805183,Unknown,Weak Passwords,VPN,37,97.58030162,Slow
Australia,2021,Malware,Telecommunications,77.63,434446,Unknown,Social Engineering,Encryption,28,178.6873397,Moderate
France,2019,Ransomware,Education,2.27,63872,Nation-state,Unpatched Software,Firewall,55,35.53982966,Slow
France,2022,Ransomware,Education,59,131307,Hacker Group,Weak Passwords,AI-based Detection,46,449.3286725,Slow
Australia,2018,DDoS,Telecommunications,25.07,732072,Hacker Group,Social Engineering,Firewall,35,34.24526549,Moderate
India,2016,Ransomware,IT,43.65,340213,Nation-state,Zero-day,Antivirus,15,128.3019755,Moderate
China,2021,Phishing,Retail,41.97,617987,Insider,Social Engineering,Antivirus,23,67.91404997,Moderate
India,2024,Malware,Government,56.13,629293,Insider,Weak Passwords,VPN,69,89.19533508,Slow
Russia,2019,SQL Injection,Healthcare,92.69,979308,Nation-state,Social Engineering,Firewall,10,94.64846606,Fast
France,2024,Phishing,Healthcare,14.38,278126,Unknown,Social Engineering,Antivirus,30,51.70318489,Moderate
USA,2016,Man-in-the-Middle,Banking,57.26,852868,Unknown,Unpatched Software,Firewall,8,67.13817379,Fast
Brazil,2019,Phishing,Retail,35.61,43771,Nation-state,Zero-day,Encryption,49,813.552352,Slow
China,2015,SQL Injection,Education,40.68,90689,Nation-state,Weak Passwords,Antivirus,40,448.5659782,Slow
France,2024,SQL Injection,Healthcare,31.91,931787,Hacker Group,Unpatched Software,Firewall,15,34.24602404,Moderate
Germany,2017,DDoS,Education,98.61,992029,Nation-state,Unpatched Software,VPN,26,99.40233602,Moderate
USA,2021,Ransomware,Government,72.24,283947,Hacker Group,Unpatched Software,AI-based Detection,72,254.4136758,Slow
India,2018,Malware,Banking,20.76,68718,Insider,Social Engineering,Encryption,47,302.1042522,Slow
Australia,2016,DDoS,Education,93.39,630087,Nation-state,Social Engineering,VPN,72,148.2176271,Slow
Germany,2019,DDoS,Telecommunications,52.17,481252,Hacker Group,Weak Passwords,Antivirus,48,108.4047443,Slow
France,2021,Ransomware,IT,58.86,935319,Nation-state,Social Engineering,Antivirus,25,62.93040129,Moderate
Russia,2018,Malware,Banking,23.14,159475,Insider,Zero-day,Encryption,19,145.101113,Moderate
Japan,2017,DDoS,Healthcare,90.38,316136,Hacker Group,Zero-day,VPN,22,285.8896171,Moderate
Germany,2019,DDoS,IT,71.08,445129,Insider,Unpatched Software,Antivirus,19,159.6840466,Moderate
Brazil,2020,DDoS,Healthcare,53.42,545588,Insider,Unpatched Software,Antivirus,54,97.91271069,Slow
UK,2023,SQL Injection,Healthcare,22.8,3315,Nation-state,Unpatched Software,Antivirus,41,6877.828054,Slow
Germany,2023,Ransomware,Retail,89.71,919427,Nation-state,Weak Passwords,AI-based Detection,51,97.57163973,Slow
Australia,2015,Phishing,Banking,99.2,666877,Nation-state,Weak Passwords,Antivirus,28,148.7530684,Moderate
Japan,2017,Ransomware,Telecommunications,49.72,578125,Insider,Social Engineering,Firewall,71,86.00216216,Slow
Russia,2015,Man-in-the-Middle,Government,13.26,616547,Hacker Group,Zero-day,AI-based Detection,22,21.5068762,Moderate
Germany,2016,DDoS,Government,26.97,976849,Hacker Group,Weak Passwords,VPN,12,27.60918013,Fast
Russia,2024,Ransomware,Government,60.69,931196,Unknown,Social Engineering,AI-based Detection,27,65.17424903,Moderate
China,2017,Phishing,Banking,38.69,240400,Unknown,Weak Passwords,Encryption,10,160.9400998,Fast
USA,2022,DDoS,IT,74.59,281698,Insider,Social Engineering,Encryption,18,264.7871124,Moderate
UK,2015,DDoS,Retail,94.19,145401,Insider,Unpatched Software,Antivirus,14,647.7947194,Moderate
UK,2018,SQL Injection,Retail,85.18,918201,Insider,Zero-day,Encryption,35,92.768359,Moderate
Russia,2017,Malware,Healthcare,42.4,71213,Nation-state,Social Engineering,Firewall,58,595.3969079,Slow
USA,2022,Ransomware,Banking,34.58,322611,Unknown,Unpatched Software,VPN,16,107.1879136,Moderate
Russia,2023,SQL Injection,Telecommunications,48.84,680011,Insider,Unpatched Software,Encryption,66,71.82236758,Slow
UK,2016,SQL Injection,Healthcare,63.93,165204,Hacker Group,Social Engineering,Encryption,18,386.9761023,Moderate
Germany,2021,SQL Injection,Education,55.5,693497,Nation-state,Unpatched Software,Antivirus,56,80.02918542,Slow
Australia,2022,Malware,Telecommunications,32.6,363166,Unknown,Unpatched Software,Antivirus,38,89.76611247,Slow
Russia,2017,Ransomware,Retail,52.79,942824,Nation-state,Social Engineering,Antivirus,68,55.99136212,Slow
Russia,2020,Ransomware,IT,36.9,809153,Nation-state,Social Engineering,AI-based Detection,48,45.60324191,Slow
Brazil,2016,Ransomware,Education,5.51,740421,Unknown,Social Engineering,Encryption,59,7.441712215,Slow
USA,2024,Malware,Retail,52.2,579778,Nation-state,Zero-day,Firewall,57,90.03446147,Slow
Russia,2017,Malware,IT,68.12,627616,Insider,Zero-day,Firewall,29,108.5377046,Moderate
France,2017,SQL Injection,Government,36.09,696801,Insider,Zero-day,VPN,32,51.79384071,Moderate
Russia,2019,DDoS,Healthcare,68.1,819663,Unknown,Zero-day,Encryption,5,83.08292554,Fast
Russia,2020,SQL Injection,Government,10.46,778573,Unknown,Zero-day,Encryption,62,13.43483527,Slow
Brazil,2020,Malware,Telecommunications,23.21,850214,Unknown,Social Engineering,Antivirus,45,27.29900943,Slow
China,2018,SQL Injection,Government,1.89,83376,Insider,Unpatched Software,Firewall,62,22.66839378,Slow
Russia,2020,Ransomware,Telecommunications,48.68,459635,Insider,Unpatched Software,Antivirus,49,105.9101243,Slow
India,2021,Ransomware,Government,9.54,386911,Insider,Social Engineering,Antivirus,33,24.65683323,Moderate
China,2021,Phishing,Telecommunications,76.26,756305,Nation-state,Weak Passwords,VPN,45,100.8323362,Slow
China,2020,Phishing,IT,55.06,743177,Hacker Group,Unpatched Software,Antivirus,21,74.08733047,Moderate
Japan,2022,Malware,Education,17.3,893060,Unknown,Social Engineering,Encryption,19,19.37159877,Moderate
Germany,2023,Malware,Government,69.39,358933,Nation-state,Zero-day,Antivirus,3,193.3229879,Fast
India,2019,Phishing,Government,8.93,725325,Insider,Zero-day,Firewall,16,12.31172233,Moderate
France,2015,Ransomware,IT,74.03,597723,Unknown,Zero-day,Encryption,48,123.8533568,Slow
China,2024,Phishing,Retail,11.72,311675,Unknown,Weak Passwords,Firewall,18,37.60327264,Moderate
Japan,2020,Ransomware,Government,21.92,74407,Unknown,Unpatched Software,Antivirus,48,294.5959386,Slow
Russia,2016,Malware,Government,37.07,138915,Hacker Group,Weak Passwords,VPN,44,266.8538315,Slow
Russia,2022,DDoS,Banking,84.09,153829,Hacker Group,Weak Passwords,VPN,6,546.645951,Fast
Japan,2015,Phishing,Education,58.86,587851,Nation-state,Social Engineering,Encryption,6,100.1274132,Fast
Russia,2015,Malware,Government,54.59,728308,Unknown,Zero-day,Firewall,10,74.95455219,Fast
France,2019,Malware,Retail,71.84,471898,Hacker Group,Social Engineering,VPN,55,152.2362884,Slow
Russia,2019,SQL Injection,Telecommunications,14.15,639630,Insider,Unpatched Software,Encryption,31,22.12216438,Moderate
UK,2023,Malware,Retail,28.79,6691,Hacker Group,Zero-day,VPN,57,4302.794799,Slow
Russia,2015,Ransomware,Retail,46.96,672033,Hacker Group,Social Engineering,Antivirus,2,69.8775209,Fast
USA,2016,SQL Injection,Healthcare,98.03,719415,Nation-state,Unpatched Software,Firewall,56,136.2634919,Slow
Germany,2022,Malware,Telecommunications,92.53,727509,Insider,Zero-day,AI-based Detection,67,127.18743,Slow
France,2021,SQL Injection,Banking,78.89,704427,Hacker Group,Zero-day,VPN,30,111.9917323,Moderate
India,2018,SQL Injection,Government,80,147384,Unknown,Zero-day,Firewall,54,542.7997612,Slow
Brazil,2015,Ransomware,Banking,63.14,545908,Insider,Social Engineering,AI-based Detection,2,115.6605142,Fast
Russia,2022,SQL Injection,IT,2.1,354694,Insider,Weak Passwords,Encryption,18,5.920596345,Moderate
India,2019,DDoS,Banking,14.98,849664,Unknown,Social Engineering,Antivirus,40,17.63049864,Slow
France,2024,SQL Injection,Government,9.91,248359,Nation-state,Weak Passwords,Firewall,58,39.90191618,Slow
India,2023,Man-in-the-Middle,Retail,12.96,254903,Unknown,Social Engineering,Firewall,4,50.84286964,Fast
Brazil,2016,Man-in-the-Middle,Education,19.59,647998,Insider,Weak Passwords,AI-based Detection,38,30.23157479,Slow
India,2022,Phishing,IT,37.76,800909,Nation-state,Zero-day,Antivirus,53,47.14642987,Slow
Japan,2015,Man-in-the-Middle,Telecommunications,95.8,23469,Insider,Zero-day,Firewall,64,4081.980485,Slow
France,2017,Phishing,Healthcare,4.87,388325,Nation-state,Social Engineering,AI-based Detection,39,12.54104165,Slow
Russia,2018,DDoS,Retail,64.39,359124,Insider,Unpatched Software,AI-based Detection,13,179.2974015,Moderate
India,2023,Malware,Healthcare,70.36,992014,Insider,Social Engineering,Encryption,62,70.92641838,Slow
China,2022,Malware,Education,35.05,596468,Insider,Unpatched Software,VPN,29,58.7625824,Moderate
Germany,2015,Ransomware,Healthcare,58.91,801948,Insider,Zero-day,VPN,55,73.45862824,Slow
China,2015,SQL Injection,Healthcare,24.07,950991,Nation-state,Social Engineering,Encryption,49,25.31043932,Slow
Germany,2017,Man-in-the-Middle,Healthcare,97.14,875912,Insider,Unpatched Software,Firewall,33,110.9015518,Moderate
Australia,2024,DDoS,Telecommunications,36.49,35041,Hacker Group,Social Engineering,Antivirus,14,1041.35156,Moderate
Germany,2021,Malware,Retail,43.99,431678,Insider,Unpatched Software,Encryption,60,101.9046604,Slow
Russia,2023,SQL Injection,Telecommunications,79.71,358439,Insider,Unpatched Software,Antivirus,48,222.3809351,Slow
Brazil,2015,Malware,Healthcare,88.08,905770,Nation-state,Zero-day,VPN,9,97.24322952,Fast
Australia,2021,Ransomware,Healthcare,37.89,843256,Nation-state,Unpatched Software,Antivirus,43,44.93297409,Slow
USA,2022,SQL Injection,IT,37.94,691377,Hacker Group,Social Engineering,Antivirus,44,54.87599385,Slow
Brazil,2021,Ransomware,Education,18.11,849791,Nation-state,Unpatched Software,VPN,53,21.31112238,Slow
France,2015,Phishing,Telecommunications,65.16,998011,Unknown,Zero-day,Encryption,14,65.28986153,Moderate
Russia,2019,Ransomware,Banking,28.14,594170,Nation-state,Social Engineering,AI-based Detection,53,47.36018311,Slow
UK,2021,Malware,Banking,60.14,191427,Nation-state,Zero-day,Encryption,56,314.1667581,Slow
Germany,2017,SQL Injection,Education,54.98,786577,Insider,Unpatched Software,Firewall,70,69.89779767,Slow
Germany,2019,Ransomware,Government,58.6,76066,Insider,Unpatched Software,AI-based Detection,8,770.3836142,Fast
UK,2021,Ransomware,Government,51.42,190694,Unknown,Social Engineering,Firewall,52,269.646659,Slow
Brazil,2023,SQL Injection,Telecommunications,30.28,892843,Hacker Group,Zero-day,VPN,26,33.9141372,Moderate
Brazil,2017,SQL Injection,IT,32.97,734737,Nation-state,Weak Passwords,AI-based Detection,30,44.87319953,Moderate
UK,2022,SQL Injection,IT,32.17,379954,Insider,Unpatched Software,Firewall,9,84.66814404,Fast
Germany,2021,SQL Injection,Retail,48.2,480984,Unknown,Zero-day,VPN,64,100.2112336,Slow
